school-wls	name	school-wls-school-type	principal-local-authority	address	start-date	end-date
6602130	Ysgol Gynradd Amlwch	1	AGY	NA	NA	NA
6602131	Ysgol Gynradd Beaumaris	1	AGY	NA	NA	NA
6602132	Ysgol Gynradd Bodedern	1	AGY	NA	NA	NA
6602133	Ysgol Gymuned Bodffordd	1	AGY	NA	NA	NA
6602134	Ysgol Gymuned Bodorgan	2	AGY	NA	NA	NA
6602135	Ysgol Gymuned Bryngwran	1	AGY	NA	NA	NA
6602136	Ysgol Gynradd Brynsiencyn	1	AGY	NA	NA	NA
6602138	Ysgol Cemaes	1	AGY	NA	NA	NA
6602139	Ysgol Gymuned Dwyran	2	AGY	NA	NA	NA
6602140	Ysgol Esceifiog	2	AGY	NA	NA	NA
6602141	Ysgol Gynradd Garreglefn	1	AGY	NA	NA	NA
6602142	Ysgol Gymuned Y Ffridd	1	AGY	NA	NA	NA
6602145	Ysgol Gymuned Moelfre	1	AGY	NA	NA	NA
6602146	Ysgol Gynradd Llanbedrgoch	1	AGY	NA	NA	NA
6602152	Ysgol Gynradd Llanfairpwll	2	AGY	NA	NA	NA
6602153	Ysgol Gymuned Llanfechell	1	AGY	NA	NA	NA
6602154	Ysgol Y Graig	1	AGY	NA	NA	NA
6602155	Ysgol Gynradd Llangoed	1	AGY	NA	NA	NA
6602156	Ysgol Henblas	2	AGY	NA	NA	NA
6602157	Ysgol Gymuned Llannerch-Y-Medd	1	AGY	NA	NA	NA
6602160	Ysgol Pencarnisiog	1	AGY	NA	NA	NA
6602161	Ysgol Gymuned Pentraeth	1	AGY	NA	NA	NA
6602162	Ysgol Penysarn	1	AGY	NA	NA	NA
6602163	Ysgol Santes Gwenfaen	1	AGY	NA	NA	NA
6602164	Ysgol Gynradd Rhosneigr	1	AGY	NA	NA	NA
6602165	Ysgol Gynradd Rhosybol	2	AGY	NA	NA	NA
6602166	Ysgol Gynradd Talwrn	2	AGY	NA	NA	NA
6602168	Ysgol Gymuned y Fali	1	AGY	NA	NA	NA
6602169	Ysgol Llanfawr	1	AGY	NA	NA	NA
6602170	Ysgol Goronwy Owen	2	AGY	NA	NA	NA
6602172	Ysgol Gynradd Niwbwrch	1	AGY	NA	NA	NA
6602173	Ysgol Gynradd Y Tywyn	1	AGY	NA	NA	NA
6602174	Ysgol Gynradd Llandegfan	2	AGY	NA	NA	NA
6602175	Ysgol Gynradd Y Borth	2	AGY	NA	NA	NA
6602176	Ysgol Gynradd Kingsland	1	AGY	NA	NA	NA
6602177	Ysgol Gymraeg Morswyn	1	AGY	NA	NA	NA
6602226	Ysgol Gynradd Corn Hir	2	AGY	NA	NA	NA
6602227	Ysgol Rhyd y Llan	1	AGY	NA	NA	NA
6603034	Ysgol Gynradd Parc Y Bont	1	AGY	NA	NA	NA
6603035	Ysgol Gynradd Llangaffo	2	AGY	NA	NA	NA
6603036	Ysgol Cybi	1	AGY	NA	NA	NA
6603304	Ysgol Santes Fair	1	AGY	NA	NA	NA
6604025	Ysgol Syr Thomas Jones	3	AGY	NA	NA	NA
6604026	Ysgol Uwchradd Caergybi	3	AGY	NA	NA	NA
6604027	Ysgol Gyfun Llangefni	3	AGY	NA	NA	NA
6604028	Ysgol David Hughes	3	AGY	NA	NA	NA
6604029	Ysgol Uwchradd Bodedern	3	AGY	NA	NA	NA
6605200	Ysgol Caergeiliog	1	AGY	NA	NA	NA
6607011	Canolfan Addysg Y Bont	4	AGY	NA	NA	NA
6612000	Ysgol Gwaun Gyfni	1	GWN	NA	NA	NA
6612004	Ysgol Gynradd Nefyn	1	GWN	NA	NA	NA
6612006	Ysgol Llanrug	1	GWN	NA	NA	NA
6612008	Ysgol Gynradd Abererch	1	GWN	NA	NA	NA
6612009	Ysgol Abersoch	1	GWN	NA	NA	NA
6612010	Ysgol Beddgelert	1	GWN	NA	NA	NA
6612011	Ysgol Bethel	1	GWN	NA	NA	NA
6612013	Ysgol Bodfeurig	1	GWN	NA	NA	NA
6612015	Ysgol Gynradd Borth-Y-Gest	1	GWN	NA	NA	NA
6612017	Ysgol Brynaerau	1	GWN	NA	NA	NA
6612026	Ysgol Y Gelli	1	GWN	NA	NA	NA
6612028	Ysgol Penybryn	5	GWN	NA	NA	NA
6612033	Ysgol Treferthyr	1	GWN	NA	NA	NA
6612035	Ysgol Cwm Y Glo	1	GWN	NA	NA	NA
6612036	Ysgol Gynradd Chwilog	1	GWN	NA	NA	NA
6612039	Ysgol Crud-Y-Werin	1	GWN	NA	NA	NA
6612042	Ysgol Dolbadarn	1	GWN	NA	NA	NA
6612046	Ysgol Gynradd Edern	1	GWN	NA	NA	NA
6612047	Ysgol Felinwnda	1	GWN	NA	NA	NA
6612048	Ysgol Bro Plenydd	1	GWN	NA	NA	NA
6612049	Ysgol Gynradd Garndolbenmaen	1	GWN	NA	NA	NA
6612051	Ysgol Glanadda	5	GWN	NA	NA	NA
6612059	Ysgol Gynradd Llanaelhaearn	1	GWN	NA	NA	NA
6612060	Ysgol Gynradd Llanbedrog	1	GWN	NA	NA	NA
6612066	Ysgol Gynradd Llangybi	1	GWN	NA	NA	NA
6612069	Ysgol Llanllechid	1	GWN	NA	NA	NA
6612070	Ysgol Gynradd Llanllyfni	1	GWN	NA	NA	NA
6612075	Ysgol Babanod Morfa Nefyn	1	GWN	NA	NA	NA
6612078	Ysgol Baladeulyn	1	GWN	NA	NA	NA
6612081	Ysgol Gynradd Nebo	1	GWN	NA	NA	NA
6612085	Ysgol Gymuned Penisarwaun	1	GWN	NA	NA	NA
6612089	Ysgol Bro Lleu	1	GWN	NA	NA	NA
6612093	Ysgol Gynradd Pentreuchaf	1	GWN	NA	NA	NA
6612097	Ysgol Rhiwlas	1	GWN	NA	NA	NA
6612098	Ysgol Gynradd Rhosgadfan	1	GWN	NA	NA	NA
6612099	Ysgol Gynradd Rhostryfan	1	GWN	NA	NA	NA
6612103	Ysgol Sarn Bach	1	GWN	NA	NA	NA
6612104	Ysgol Eifion Wyn	1	GWN	NA	NA	NA
6612108	Ysgol Gynradd Talysarn	1	GWN	NA	NA	NA
6612110	Ysgol Y Gorlan	1	GWN	NA	NA	NA
6612111	Ysgol Yr Eifl	1	GWN	NA	NA	NA
6612112	Ysgol Gynradd Tudweiliog	1	GWN	NA	NA	NA
6612113	Ysgol Waunfawr	1	GWN	NA	NA	NA
6612116	Ysgol Glancegin	1	GWN	NA	NA	NA
6612118	Ysgol Babanod Coedmawr	6	GWN	NA	NA	NA
6612119	Ysgol Yr Hendre	1	GWN	NA	NA	NA
6612122	Ysgol Bontnewydd	1	GWN	NA	NA	NA
6612123	Ysgol Gymraeg Y Garnedd	1	GWN	NA	NA	NA
6612125	Ysgol Cymerau	1	GWN	NA	NA	NA
6612126	Ysgol Abercaseg (Babanod)	6	GWN	NA	NA	NA
6612127	Ysgol Y Felinheli	1	GWN	NA	NA	NA
6612180	Ysgol Bro Tegid	1	GWN	NA	NA	NA
6612181	Ysgol y Traeth	1	GWN	NA	NA	NA
6612185	Ysgol Gynradd Dyffryn Dulas	1	GWN	NA	NA	NA
6612189	Ysgol Gynradd Dyffryn Ardudwy	2	GWN	NA	NA	NA
6612190	Ysgol Bro Cynfal	1	GWN	NA	NA	NA
6612192	Ysgol Edmwnd Prys	1	GWN	NA	NA	NA
6612194	Ysgol Gynradd Llanbedr	2	GWN	NA	NA	NA
6612198	Ysgol Y Garreg	1	GWN	NA	NA	NA
6612199	Ysgol O M Edwards	1	GWN	NA	NA	NA
6612205	Ysgol Manod	1	GWN	NA	NA	NA
6612207	Ysgol Gynradd Pennal	1	GWN	NA	NA	NA
6612208	Ysgol Cefn Coch	1	GWN	NA	NA	NA
6612210	Ysgol Talsarnau	1	GWN	NA	NA	NA
6612211	Ysgol Gynradd Tanygrisiau	1	GWN	NA	NA	NA
6612212	Ysgol Gynradd Penybryn	2	GWN	NA	NA	NA
6612213	Ysgol Bro Hedd Wyn	1	GWN	NA	NA	NA
6612214	Ysgol Bro Tryweryn	1	GWN	NA	NA	NA
6612219	Ysgol Tanycastell	1	GWN	NA	NA	NA
6612220	Ysgol Ffridd Y Llyn	1	GWN	NA	NA	NA
6612221	Ysgol Maenofferen	1	GWN	NA	NA	NA
6612227	Ysgol Hirael	1	GWN	NA	NA	NA
6612228	Ysgol Craig y Deryn	1	GWN	NA	NA	NA
6612229	Ysgol Bro Llifon	1	GWN	NA	NA	NA
6613004	Ysgol Pont Y Gof	1	GWN	NA	NA	NA
6613005	Ysgol Gynradd Maesincla	1	GWN	NA	NA	NA
6613009	Ysgol Y Faenol	1	GWN	NA	NA	NA
6613010	Ysgol Foel Gron	1	GWN	NA	NA	NA
6613013	Ysgol Llandygai	1	GWN	NA	NA	NA
6613018	Ysgol Gynradd Llandwrog	1	GWN	NA	NA	NA
6613023	Ysgol Gynradd Llanystumdwy	1	GWN	NA	NA	NA
6613029	Ysgol Tregarth	1	GWN	NA	NA	NA
6613030	Ysgol Cae Top	1	GWN	NA	NA	NA
6613300	Ysgol Santes Helen	1	GWN	NA	NA	NA
6613301	Ysgol Ein Harglwyddes	1	GWN	NA	NA	NA
6613305	Ysgol Beuno Sant	1	GWN	NA	NA	NA
6614002	Ysgol Dyffryn Ogwen Bethesda	3	GWN	NA	NA	NA
6614003	Ysgol Botwnnog	7	GWN	NA	NA	NA
6614004	Ysgol Brynrefail	3	GWN	NA	NA	NA
6614007	Ysgol Dyffryn Nantlle	3	GWN	NA	NA	NA
6614009	Ysgol Eifionydd	7	GWN	NA	NA	NA
6614031	Ysgol Y Moelwyn	7	GWN	NA	NA	NA
6614032	Ysgol Uwchradd Tywyn	7	GWN	NA	NA	NA
6614033	Ysgol Y Berwyn	3	GWN	NA	NA	NA
6614034	Ysgol Ardudwy	7	GWN	NA	NA	NA
6614036	Ysgol Friars	3	GWN	NA	NA	NA
6614037	Ysgol Tryfan	3	GWN	NA	NA	NA
6614039	Ysgol Syr Hugh Owen	3	GWN	NA	NA	NA
6614040	Ysgol Glan Y Mor	7	GWN	NA	NA	NA
6615500	Ysgol Bro Idris	8	GWN	NA	NA	NA
6617002	Ysgol Pendalar	4	GWN	NA	NA	NA
6617010	Ysgol Hafod Lon	4	GWN	NA	NA	NA
6622002	Ysgol Dolgarrog	1	CWY	NA	NA	NA
6622012	Ysgol Betws Y Coed	1	CWY	NA	NA	NA
6622023	Ysgol Capelulo	1	CWY	NA	NA	NA
6622038	Ysgol Deganwy	1	CWY	NA	NA	NA
6622043	Ysgol Dolwyddelan	1	CWY	NA	NA	NA
6622044	Ysgol Ffordd Dyffryn	1	CWY	NA	NA	NA
6622053	Ysgol Glanwydden	1	CWY	NA	NA	NA
6622061	Ysgol Tudno	1	CWY	NA	NA	NA
6622063	Ysgol Morfa Rhianedd	1	CWY	NA	NA	NA
6622086	Ysgol Penmachno	1	CWY	NA	NA	NA
6622103	Ysgol Llandrillo yn Rhos	1	CWY	NA	NA	NA
6622104	Ysgol Talhaiarn	1	CWY	NA	NA	NA
6622106	Ysgol Babanod Mochdre	6	CWY	NA	NA	NA
6622107	Ysgol Tal-y-Bont	1	CWY	NA	NA	NA
6622108	Ysgol T. Gwynn Jones	6	CWY	NA	NA	NA
6622110	Ysgol Maes Owen	5	CWY	NA	NA	NA
6622111	Ysgol Glan Gele	6	CWY	NA	NA	NA
6622112	Ysgol Glan Morfa	1	CWY	NA	NA	NA
6622114	Ysgol Bod Alaw	1	CWY	NA	NA	NA
6622115	Ysgol Pant Y Rhedyn	5	CWY	NA	NA	NA
6622118	Ysgol Y Foryd	6	CWY	NA	NA	NA
6622121	Ysgol Craig Y Don	1	CWY	NA	NA	NA
6622123	Ysgol Cerrigydrudion	1	CWY	NA	NA	NA
6622131	Ysgol Llannefydd	1	CWY	NA	NA	NA
6622132	Ysgol Bro Aled, Llansannan	1	CWY	NA	NA	NA
6622148	Ysgol Gynradd Bro Cernyw	1	CWY	NA	NA	NA
6622221	Ysgol Sant Elfod	5	CWY	NA	NA	NA
6622222	Ysgol Capel Garmon	1	CWY	NA	NA	NA
6622225	Ysgol Glan Conwy	1	CWY	NA	NA	NA
6622264	Ysgol Cynfran	1	CWY	NA	NA	NA
6622267	Ysgol Iau Hen Golwyn	5	CWY	NA	NA	NA
6622269	Ysgol Cystennin	5	CWY	NA	NA	NA
6622270	Ysgol Pentrefoelas	1	CWY	NA	NA	NA
6622271	Ysgol Bro Gwydir	1	CWY	NA	NA	NA
6622272	Ysgol Nant Y Groes	1	CWY	NA	NA	NA
6622273	Ysgol Swn Y Don	1	CWY	NA	NA	NA
6622274	Ysgol Awel y Mynydd	1	CWY	NA	NA	NA
6623020	Ysgol Babanod Llanfairfechan	6	CWY	NA	NA	NA
6623021	Ysgol Llangelynnin	1	CWY	NA	NA	NA
6623024	Ysgol Pencae	1	CWY	NA	NA	NA
6623032	Ysgol Ysbyty Ifan	1	CWY	NA	NA	NA
6623038	Ysgol St. George	1	CWY	NA	NA	NA
6623039	Ysgol Llanddoged	1	CWY	NA	NA	NA
6623040	Ysgol Eglwysbach	1	CWY	NA	NA	NA
6623043	Ysgol Porth y Felin	1	CWY	NA	NA	NA
6623059	Ysgol Llanddulas	1	CWY	NA	NA	NA
6623062	Ysgol Betws yn Rhos	1	CWY	NA	NA	NA
6623302	Ysgol Bodafon	1	CWY	NA	NA	NA
6623303	Ysgol Bendigaid William Davies	1	CWY	NA	NA	NA
6623307	Ysgol San Sior	1	CWY	NA	NA	NA
6623333	Ysgol Sant Joseph	1	CWY	NA	NA	NA
6623340	Ysgol y Plas	1	CWY	NA	NA	NA
6624022	Ysgol John Bright	3	CWY	NA	NA	NA
6624023	Ysgol Aberconwy	3	CWY	NA	NA	NA
6624035	Ysgol Dyffryn Conwy	3	CWY	NA	NA	NA
6624038	Ysgol Y Creuddyn	3	CWY	NA	NA	NA
6625201	Ysgol Pen Y Bryn	1	CWY	NA	NA	NA
6625400	Ysgol Emrys Ap Iwan	3	CWY	NA	NA	NA
6625402	Eirias High School	3	CWY	NA	NA	NA
6625403	Ysgol Bryn Elian	3	CWY	NA	NA	NA
6627007	Ysgol Y Gogarth	4	CWY	NA	NA	NA
6632011	Ysgol Hiraddug	1	DEN	NA	NA	NA
6632037	Ysgol Y Castell Cp	1	DEN	NA	NA	NA
6632038	Christ Church Primary School	1	DEN	NA	NA	NA
6632039	Ysgol Llywelyn	1	DEN	NA	NA	NA
6632057	Ysgol Y Faenol	1	DEN	NA	NA	NA
6632059	Ysgol Penmorfa Cp	1	DEN	NA	NA	NA
6632060	Ysgol Emmanuel	1	DEN	NA	NA	NA
6632066	Ysgol Dewi Sant	2	DEN	NA	NA	NA
6632067	Ysgol Melyd	1	DEN	NA	NA	NA
6632070	Ysgol Bodfari	1	DEN	NA	NA	NA
6632072	Ysgol Bryn Hedydd	1	DEN	NA	NA	NA
6632124	Ysgol Cefn Meiriadog	1	DEN	NA	NA	NA
6632125	Frongoch Juniors	5	DEN	NA	NA	NA
6632127	Ysgol Henllan	1	DEN	NA	NA	NA
6632134	Ysgol Twm o'r Nant	1	DEN	NA	NA	NA
6632135	Ysgol Bryn Clwyd	1	DEN	NA	NA	NA
6632136	Ysgol Y Parc	6	DEN	NA	NA	NA
6632164	Ysgol Gellifor	1	DEN	NA	NA	NA
6632168	Ysgol Pentrecelyn	1	DEN	NA	NA	NA
6632169	Ysgol Rhewl	1	DEN	NA	NA	NA
6632214	Ysgol Betws Gwerful Goch	1	DEN	NA	NA	NA
6632215	Ysgol Carrog	1	DEN	NA	NA	NA
6632216	Ysgol Caer Drewyn	1	DEN	NA	NA	NA
6632219	Ysgol Bro Elwern	1	DEN	NA	NA	NA
6632227	Ysgol Y Llys	1	DEN	NA	NA	NA
6632234	Ysgol Bryn Collen	1	DEN	NA	NA	NA
6632255	Rhos Street Cp School	1	DEN	NA	NA	NA
6632256	Ysgol Pen Barras	1	DEN	NA	NA	NA
6632261	Ysgol Bro Cinmeirch	1	DEN	NA	NA	NA
6632262	Ysgol Bro Famau	1	DEN	NA	NA	NA
6632263	Ysgol Gymraeg Y Gwernant	1	DEN	NA	NA	NA
6632264	Ysgol Clawdd Offa	2	DEN	NA	NA	NA
6632265	Bodnant Community Primary School	1	DEN	NA	NA	NA
6632266	Ysgol Pendref	1	DEN	NA	NA	NA
6632267	Ysgol Bro Dyfrdwy	1	DEN	NA	NA	NA
6632268	Ysgol Carreg Emlyn	1	DEN	NA	NA	NA
6633020	Ysgol Tremeirchion	1	DEN	NA	NA	NA
6633024	St Asaph Infants School	6	DEN	NA	NA	NA
6633044	Ysgol Llanbedr	1	DEN	NA	NA	NA
6633045	Ysgol Llanfair Dyffryn Clwyd	1	DEN	NA	NA	NA
6633050	Ysgol Borthyn	1	DEN	NA	NA	NA
6633057	Ysgol Pant Pastynog	1	DEN	NA	NA	NA
6633061	Ysgol Dyffryn Ial	1	DEN	NA	NA	NA
6633062	Ysgol Esgob Morgan C.I.W. Voluntary Controlled Primary School	5	DEN	NA	NA	NA
6633315	Ysgol Mair Catholic Primary School	1	DEN	NA	NA	NA
6633316	Ysgol Trefnant	1	DEN	NA	NA	NA
6634003	Rhyl High School	7	DEN	NA	NA	NA
6634014	Prestatyn High School	3	DEN	NA	NA	NA
6634020	Ysgol Uwchradd Glan Clwyd	3	DEN	NA	NA	NA
6634026	Denbigh High School	3	DEN	NA	NA	NA
6634027	Ysgol Dinas Bran	3	DEN	NA	NA	NA
6634031	Ysgol Brynhyfryd	3	DEN	NA	NA	NA
6634601	Blessed Edward Jones High School	7	DEN	NA	NA	NA
6635901	St Brigid's School	9	DEN	NA	NA	NA
6637000	Ysgol Tir Morfa	4	DEN	NA	NA	NA
6637010	Ysgol Plas Brondyffryn	4	DEN	NA	NA	NA
6642002	Ysgol Glan Aber	1	FLN	NA	NA	NA
6642003	Ysgol Merllyn	1	FLN	NA	NA	NA
6642004	Westwood Cp	1	FLN	NA	NA	NA
6642012	Ewloe Green	1	FLN	NA	NA	NA
6642013	Bryn Garth Cp	1	FLN	NA	NA	NA
6642015	Ysgol Gwynedd Cp	1	FLN	NA	NA	NA
6642018	Ysgol Maesglas	1	FLN	NA	NA	NA
6642021	Ysgol Gymraeg Mornant	1	FLN	NA	NA	NA
6642024	Ysgol Estyn Community School	1	FLN	NA	NA	NA
6642026	Lixwm Cp School	1	FLN	NA	NA	NA
6642028	Ysgol Glanrafon	1	FLN	NA	NA	NA
6642032	Northop Hall	1	FLN	NA	NA	NA
6642040	Wood Memorial Primary School	1	FLN	NA	NA	NA
6642041	Sealand Cp School	1	FLN	NA	NA	NA
6642043	Sychdyn Cp	1	FLN	NA	NA	NA
6642044	Trelogan Primary	1	FLN	NA	NA	NA
6642046	Bryn Pennant Cp	1	FLN	NA	NA	NA
6642049	Ysgol Bro Carmel	1	FLN	NA	NA	NA
6642050	Rhos Helyg School	1	FLN	NA	NA	NA
6642051	Ysgol Terrig	1	FLN	NA	NA	NA
6642052	Ysgol Bryn Deva	1	FLN	NA	NA	NA
6642053	Sandycroft Cp	1	FLN	NA	NA	NA
6642056	Gwernymynydd Cp School	1	FLN	NA	NA	NA
6642061	Queensferry Community Primary School	1	FLN	NA	NA	NA
6642062	Ysgol Bryn Coch	1	FLN	NA	NA	NA
6642063	Mountain Lane Primary School	1	FLN	NA	NA	NA
6642064	Ysgol Y Foel, Cilcain	1	FLN	NA	NA	NA
6642065	Brynford Cp	1	FLN	NA	NA	NA
6642068	Ysgol Bryn Gwalia	1	FLN	NA	NA	NA
6642077	Golftyn Cp School	1	FLN	NA	NA	NA
6642078	Saltney Ferry Cp	1	FLN	NA	NA	NA
6642081	Y Waun	1	FLN	NA	NA	NA
6642082	Ysgol Gwenffrwd	1	FLN	NA	NA	NA
6642084	Abermorddu Cp School	1	FLN	NA	NA	NA
6642085	Southdown Cp	1	FLN	NA	NA	NA
6642086	Wepre Community School	1	FLN	NA	NA	NA
6642089	Drury Primary School	1	FLN	NA	NA	NA
6642091	Cornist Park Cp	1	FLN	NA	NA	NA
6642092	Ysgol Derwenfa Cp	1	FLN	NA	NA	NA
6642093	Penarlag Cp	1	FLN	NA	NA	NA
6642094	Owen Jones Cp	1	FLN	NA	NA	NA
6642237	Gronant Primary School	1	FLN	NA	NA	NA
6642257	Ysgol Gymraeg Croes Atti	1	FLN	NA	NA	NA
6642266	Ysgol Parc Y Llan	1	FLN	NA	NA	NA
6642267	Ysgol Mynydd Isa	1	FLN	NA	NA	NA
6642268	Broughton Primary School	1	FLN	NA	NA	NA
6642269	Ysgol Cae'r Nant	1	FLN	NA	NA	NA
6642270	Ysgol Penyffordd	1	FLN	NA	NA	NA
6642271	Ysgol Ty Ffynnon	1	FLN	NA	NA	NA
6642272	Ysgol Maes-Y-Felin	1	FLN	NA	NA	NA
6643002	Nannerch V.C.P. School	1	FLN	NA	NA	NA
6643303	Ysgol Yr Esgob C In W	1	FLN	NA	NA	NA
6643306	St Mary's	2	FLN	NA	NA	NA
6643307	St Winefrides	1	FLN	NA	NA	NA
6643308	St David's Catholic Primary School	1	FLN	NA	NA	NA
6643311	St Anthony's Catholic Primary	1	FLN	NA	NA	NA
6643312	Venerable Edward Morgan Rc	1	FLN	NA	NA	NA
6643316	Trelawnyd	1	FLN	NA	NA	NA
6643320	Ysgol Y Llan Va Primary School Whitford	1	FLN	NA	NA	NA
6643330	St. Ethelwolds	1	FLN	NA	NA	NA
6643331	St John The Baptist Va School	1	FLN	NA	NA	NA
6643332	Nercwys Va	1	FLN	NA	NA	NA
6643333	Hawarden Village Va	1	FLN	NA	NA	NA
6644000	Hawarden High School	3	FLN	NA	NA	NA
6644006	Alun School	3	FLN	NA	NA	NA
6644011	Elfed High School	7	FLN	NA	NA	NA
6644012	Ysgol Treffynnon	7	FLN	NA	NA	NA
6644013	St. David's High School	7	FLN	NA	NA	NA
6644017	Castell Alun High School	3	FLN	NA	NA	NA
6644018	Maes Garmon	3	FLN	NA	NA	NA
6644021	Flint High School	3	FLN	NA	NA	NA
6644022	Connah's Quay High School,	7	FLN	NA	NA	NA
6644042	Argoed High School	7	FLN	NA	NA	NA
6644600	St. Richard Gwyn Catholic High School	3	FLN	NA	NA	NA
6645200	Derwen Foundation School	1	FLN	NA	NA	NA
6647020	Pen Coch	10	FLN	NA	NA	NA
6647021	Ysgol Maes Hyfryd	4	FLN	NA	NA	NA
6651007	Wrexham Early Years Centre	11	WRX	NA	NA	NA
6652076	The Rofft Cp School	1	WRX	NA	NA	NA
6652137	Froncysyllte	1	WRX	NA	NA	NA
6652138	Garth Cp	1	WRX	NA	NA	NA
6652139	Ysgol Cynddelw	1	WRX	NA	NA	NA
6652140	Llanarmon Dc School	1	WRX	NA	NA	NA
6652143	Pontfadog	1	WRX	NA	NA	NA
6652149	Ysgol Acrefair	1	WRX	NA	NA	NA
6652151	Cefn Mawr C P School	1	WRX	NA	NA	NA
6652160	Ysgol Maes-Y-Llan	1	WRX	NA	NA	NA
6652162	Ysgol Min y Ddol	1	WRX	NA	NA	NA
6652173	Alexandra C P School	1	WRX	NA	NA	NA
6652176	Brynteg C P School	1	WRX	NA	NA	NA
6652178	Bwlchgwyn School	1	WRX	NA	NA	NA
6652179	Ysgol Tan-y-Fron	1	WRX	NA	NA	NA
6652187	Black Lane C P School	1	WRX	NA	NA	NA
6652191	Rhosddu County Primary	1	WRX	NA	NA	NA
6652200	Rhostyllen Cp School	1	WRX	NA	NA	NA
6652204	Ysgol Deiniol C P	1	WRX	NA	NA	NA
6652208	Barker's Lane Cp	1	WRX	NA	NA	NA
6652209	Wat's Dyke County Primary	1	WRX	NA	NA	NA
6652224	Ysgol Bryn Tabor	1	WRX	NA	NA	NA
6652232	Ysgol Sant Dunawd	1	WRX	NA	NA	NA
6652235	Holt C.P. School	1	WRX	NA	NA	NA
6652238	Ysgol Bodhyfryd	1	WRX	NA	NA	NA
6652259	Ysgol I.D. Hooson	1	WRX	NA	NA	NA
6652263	Ysgol Plas Coch	1	WRX	NA	NA	NA
6652266	Penygelli C P School	1	WRX	NA	NA	NA
6652267	Ysgol Penrhyn New Broughton Cp	1	WRX	NA	NA	NA
6652268	Ysgol Heulfan	1	WRX	NA	NA	NA
6652269	Hafod Y Wern Community Primary School	1	WRX	NA	NA	NA
6652270	Gwenfro Community Primary	1	WRX	NA	NA	NA
6652271	Park Community Primary School Llay	1	WRX	NA	NA	NA
6652272	Rhosymedre Community Primary	1	WRX	NA	NA	NA
6652273	Ysgol Maes y Mynydd	1	WRX	NA	NA	NA
6652274	Gwersyllt Community Primary School	1	WRX	NA	NA	NA
6652275	Penycae Community Primary School	1	WRX	NA	NA	NA
6652276	Acton Primary	1	WRX	NA	NA	NA
6652277	Victoria Community Primary	1	WRX	NA	NA	NA
6652278	Ysgol y Waun	1	WRX	NA	NA	NA
6652279	Ysgol Bro Alun	1	WRX	NA	NA	NA
6652280	Ysgol Yr Hafod	1	WRX	NA	NA	NA
6652281	Borras Park Community Primary School	1	WRX	NA	NA	NA
6653028	St Peter's School	1	WRX	NA	NA	NA
6653036	Pentre Ciw Voluntary Controlled	1	WRX	NA	NA	NA
6653042	Eyton Primary School	1	WRX	NA	NA	NA
6653054	Borderbrook School	1	WRX	NA	NA	NA
6653055	St Giles Controlled Primary School	1	WRX	NA	NA	NA
6653301	Bronington Church In Wales V.A	1	WRX	NA	NA	NA
6653305	Madras Va School	1	WRX	NA	NA	NA
6653326	St Chad's Church In Wales Aided School	1	WRX	NA	NA	NA
6653334	St Mary's Rc Primary	1	WRX	NA	NA	NA
6653337	Minera	1	WRX	NA	NA	NA
6653338	All Saints Voluntary Aided Sch	1	WRX	NA	NA	NA
6653341	St Mary's Church In Wales	1	WRX	NA	NA	NA
6653342	Brymbo Aided (St. Mary's)	1	WRX	NA	NA	NA
6653343	St Anne's Catholic Primary	1	WRX	NA	NA	NA
6653346	St Mary's Overton	1	WRX	NA	NA	NA
6653347	St Paul's Voluntary Aided	1	WRX	NA	NA	NA
6654029	Grango	7	WRX	NA	NA	NA
6654032	Ysgol Morgan Llwyd	3	WRX	NA	NA	NA
6654033	Ysgol Bryn Alyn	7	WRX	NA	NA	NA
6654034	Darland High School	7	WRX	NA	NA	NA
6654044	Ysgol Rhiwabon	3	WRX	NA	NA	NA
6654048	Rhosnesni High School	7	WRX	NA	NA	NA
6654049	Ysgol Clywedog	7	WRX	NA	NA	NA
6654603	St Joseph's Catholic And Anglican High	7	WRX	NA	NA	NA
6655401	The Maelor School	3	WRX	NA	NA	NA
6657005	St Christophers School	4	WRX	NA	NA	NA
6662002	Abermule Primary School	1	POW	NA	NA	NA
6662003	Arddleen C.P. School	1	POW	NA	NA	NA
6662004	Ysgol Gynradd Gymunedol Dyffryn Banw	2	POW	NA	NA	NA
6662005	Berriew C.P. School	1	POW	NA	NA	NA
6662008	Caersws C.P. School	1	POW	NA	NA	NA
6662009	Ysgol Gynradd Carno	1	POW	NA	NA	NA
6662010	Carreghofa C.P. School	1	POW	NA	NA	NA
6662018	Leighton C.P. School	1	POW	NA	NA	NA
6662019	Ysgol Llanbrynmair	1	POW	NA	NA	NA
6662020	Llandinam C.P. School	1	POW	NA	NA	NA
6662021	Ysgol Gynradd Llanfair Caereinion	2	POW	NA	NA	NA
6662033	Meifod C.P. School	1	POW	NA	NA	NA
6662040	Penygloddfa C.P. School	1	POW	NA	NA	NA
6662041	Ysgol Pontrobert	1	POW	NA	NA	NA
6662044	Ysgol Dyffryn Trannon	1	POW	NA	NA	NA
6662048	Ladywell Green Nurs. & Inf. School	12	POW	NA	NA	NA
6662049	Guilsfield C.P. School	1	POW	NA	NA	NA
6662050	Llanidloes C.P. School	1	POW	NA	NA	NA
6662051	Buttington Trewern C.P. School	1	POW	NA	NA	NA
6662053	Brynhafren C.P. School	2	POW	NA	NA	NA
6662054	Churchstoke C.P. School	1	POW	NA	NA	NA
6662056	Hafren C.P. School	5	POW	NA	NA	NA
6662057	Ysgol Gynradd Llanfyllin	1	POW	NA	NA	NA
6662058	Ysgol Gynradd Glantwymyn	1	POW	NA	NA	NA
6662059	Ysgol Pennant	1	POW	NA	NA	NA
6662060	Maesyrhandir C.P. School	1	POW	NA	NA	NA
6662062	Treowen C.P. School	1	POW	NA	NA	NA
6662066	Franksbridge C.P. School	1	POW	NA	NA	NA
6662068	Llanbister C.P. School	1	POW	NA	NA	NA
6662070	Llandrindod Wells C.P. School	1	POW	NA	NA	NA
6662071	Llanfihangel Rhydithon C.P. School	1	POW	NA	NA	NA
6662075	Presteigne C.P. School	1	POW	NA	NA	NA
6662076	Radnor Valley C.P. School	1	POW	NA	NA	NA
6662077	Crossgates C.P. School	1	POW	NA	NA	NA
6662079	Mount Street C.P. Junior	5	POW	NA	NA	NA
6662080	Mount Street C.P. Infants	6	POW	NA	NA	NA
6662084	Ysgol Dolafon	1	POW	NA	NA	NA
6662089	Builth Wells C.P. School	1	POW	NA	NA	NA
6662092	Sennybridge C.P. School	1	POW	NA	NA	NA
6662113	Crickhowell C.P. School	1	POW	NA	NA	NA
6662115	Cradoc C.P. School	1	POW	NA	NA	NA
6662116	Hay-on-Wye C.P. School	1	POW	NA	NA	NA
6662117	Llangynidr C.P. School	1	POW	NA	NA	NA
6662122	Irfon Valley C.P. School	1	POW	NA	NA	NA
6662125	Llanfaes C.P. School	1	POW	NA	NA	NA
6662127	Ysgol y Bannau	1	POW	NA	NA	NA
6662129	Ysgol Rhiw Bechan	1	POW	NA	NA	NA
6662146	Llanrhaeadr Ym Mochnant C.P. School	1	POW	NA	NA	NA
6662147	Ysgol Bro Cynllaith	1	POW	NA	NA	NA
6662148	Ysgol Dafydd Llwyd	1	POW	NA	NA	NA
6662149	Ysgol y Cribarth	1	POW	NA	NA	NA
6662150	Ysgol Golwg y Cwm	1	POW	NA	NA	NA
6662151	Ysgol Bro Tawe	1	POW	NA	NA	NA
6662152	Ysgol Gymraeg Dyffryn y Glowyr	1	POW	NA	NA	NA
6662153	Ysgol y Mynydd Du	1	POW	NA	NA	NA
6662154	Ysgol Gymraeg y Trallwng	1	POW	NA	NA	NA
6663000	Llanfechain C.I.W. School	1	POW	NA	NA	NA
6663002	Montgomery C.I.W. School	1	POW	NA	NA	NA
6663016	Forden C.I.W. School	1	POW	NA	NA	NA
6663021	Llandysilio C.I.W. School	1	POW	NA	NA	NA
6663022	Castle Caereinion Church In Wales School	1	POW	NA	NA	NA
6663026	Gladestry C.I.W. School	1	POW	NA	NA	NA
6663030	Ysgol Trefonnen Church in Wales Community Primary	1	POW	NA	NA	NA
6663031	Newbridge-On-Wye Church In Wales School	1	POW	NA	NA	NA
6663033	Clyro C.I.W. School	1	POW	NA	NA	NA
6663035	Knighton C.I.W. School	1	POW	NA	NA	NA
6663036	Rhayader C.I.W. School	1	POW	NA	NA	NA
6663037	Llanelwedd Church In Wales Primary School	1	POW	NA	NA	NA
6663046	Llangedwyn C In W Primary School	1	POW	NA	NA	NA
6663050	Llangors C.I.W. School	1	POW	NA	NA	NA
6663051	Welshpool Church in Wales Primary School	1	POW	NA	NA	NA
6663301	St. Michael's C.I.W. School	1	POW	NA	NA	NA
6663303	Llansantffraid C In W School	1	POW	NA	NA	NA
6663316	Llanbedr C.I.W. (Aided)	1	POW	NA	NA	NA
6663317	Archdeacon Griffiths C.I.W. Primary School	1	POW	NA	NA	NA
6663318	Priory Church In Wales School	1	POW	NA	NA	NA
6663320	St Mary`s R.C. (A) School	1	POW	NA	NA	NA
6663322	Llangattock C.I.W. School	1	POW	NA	NA	NA
6664000	Ysgol Uwchradd Caereinion High School	3	POW	NA	NA	NA
6664001	Llanfyllin High School	3	POW	NA	NA	NA
6664002	Llanidloes High School	3	POW	NA	NA	NA
6664011	Newtown High School	3	POW	NA	NA	NA
6664013	Welshpool High School	3	POW	NA	NA	NA
6664019	Llandrindod High School	3	POW	NA	NA	NA
6664020	Builth Wells High School	3	POW	NA	NA	NA
6664021	Ysgol Maesydderwen	3	POW	NA	NA	NA
6664022	Brecon High School	3	POW	NA	NA	NA
6664023	Gwernyfed High School	3	POW	NA	NA	NA
6664024	Crickhowell High School	3	POW	NA	NA	NA
6665200	Ysgol Gynradd Llanerfyl	1	POW	NA	NA	NA
6665500	Ysgol Bro Hyddgen	13	POW	NA	NA	NA
6667001	Ysgol Neuadd Brynllywarch Hall School	4	POW	NA	NA	NA
6667002	Ysgol Cedewain	4	POW	NA	NA	NA
6667004	Ysgol Penmaes	4	POW	NA	NA	NA
6672281	Ysgol Gymunedol Gynradd Aberaeron	1	CGN	NA	NA	NA
6672284	Ysgol Gymunedol Cilcennin	2	CGN	NA	NA	NA
6672285	Ysgol Gymunedol Ciliau Parc	2	CGN	NA	NA	NA
6672288	Ysgol Gymunedol Dihewyd	2	CGN	NA	NA	NA
6672289	Ysgol Gymunedol Felinfach	2	CGN	NA	NA	NA
6672291	Ysgol Gymunedol Llanarth	2	CGN	NA	NA	NA
6672293	Ysgol Gymunedol Llannon	2	CGN	NA	NA	NA
6672295	Ysgol Gymunedol Cei Newydd	2	CGN	NA	NA	NA
6672298	Ysgol Gymunedol Talgarreg	2	CGN	NA	NA	NA
6672299	Yr Ysgol Gymunedol Gymraeg	1	CGN	NA	NA	NA
6672303	Ysgol Gymunedol Comins Coch	2	CGN	NA	NA	NA
6672308	Ysgol Gymunedol Llanfarian	2	CGN	NA	NA	NA
6672309	Ysgol Gymunedol Llanfihangel-Y-Creuddyn	2	CGN	NA	NA	NA
6672310	Ysgol Gymunedol Llangwyryfon	2	CGN	NA	NA	NA
6672311	Ysgol Gymunedol Llanilar	2	CGN	NA	NA	NA
6672312	Ysgol Gymunedol Mynach	2	CGN	NA	NA	NA
6672313	Ysgol Gymunedol Penllwyn	2	CGN	NA	NA	NA
6672314	Ysgol Gymunedol Llwynyreos	1	CGN	NA	NA	NA
6672315	Ysgol Gymunedol Syr John Rhys	2	CGN	NA	NA	NA
6672316	Ysgol Gymunedol Rhydypennau	1	CGN	NA	NA	NA
6672317	Ysgol Gymunedol Talybont	2	CGN	NA	NA	NA
6672319	Ysgol Gymunedol Aberporth	2	CGN	NA	NA	NA
6672320	Ysgol Gymunedol Beulah	2	CGN	NA	NA	NA
6672323	Ysgol Gymunedol Llechryd	2	CGN	NA	NA	NA
6672324	Ysgol Gymunedol Penparc	2	CGN	NA	NA	NA
6672345	Ysgol Gymunedol Trewen	2	CGN	NA	NA	NA
6672353	Ysgol Gymunedol Pontrhydfendigaid	2	CGN	NA	NA	NA
6672361	Ysgol Gymunedol Plascrug	1	CGN	NA	NA	NA
6672362	Ysgol Gymunedol Craig Yr Wylfa	2	CGN	NA	NA	NA
6672363	Ysgol Gymunedol Penrhyncoch	2	CGN	NA	NA	NA
6672366	Ysgol Gymunedol Y Dderi	1	CGN	NA	NA	NA
6672367	Ysgol Gymunedol Cenarth	2	CGN	NA	NA	NA
6672368	Ysgol Gynradd Aberteifi	1	CGN	NA	NA	NA
6672369	Ysgol Bro Sion Cwilt	1	CGN	NA	NA	NA
6672371	Ysgol Gynradd T Llew Jones	1	CGN	NA	NA	NA
6672372	Rhos Helyg	2	CGN	NA	NA	NA
6672373	Ysgol Dyffryn Cledlyn	1	CGN	NA	NA	NA
6673058	Ysgol Wirfoddol Myfenydd	2	CGN	NA	NA	NA
6673318	Ysgol Gymorthedig Padarn Sant	2	CGN	NA	NA	NA
6674042	Gyfun Aberaeron Comprehensive	3	CGN	NA	NA	NA
6674044	Ysgol Uwchradd Aberteifi	3	CGN	NA	NA	NA
6674047	Penglais School	3	CGN	NA	NA	NA
6674048	Ysgol Gyfun Penweddig	3	CGN	NA	NA	NA
6675500	Ysgol Bro Pedr	9	CGN	NA	NA	NA
6675501	Ysgol Henry Richard	8	CGN	NA	NA	NA
6675502	Ysgol Bro Teifi	9	CGN	NA	NA	NA
6682203	Sageston Community Primary School	1	PEM	NA	NA	NA
6682209	Ysgol Gymunedol Eglwyswrw	2	PEM	NA	NA	NA
6682212	Ysgol Gymunedol Wdig	1	PEM	NA	NA	NA
6682214	Fenton Community Primary School	1	PEM	NA	NA	NA
6682220	Johnston C P School	1	PEM	NA	NA	NA
6682222	Lamphey Primary School	1	PEM	NA	NA	NA
6682223	Ysgol Brynconin Cp	1	PEM	NA	NA	NA
6682228	Hook Cp	1	PEM	NA	NA	NA
6682231	Ysgol Llanychllwydog	1	PEM	NA	NA	NA
6682233	Maenclochog Cp	2	PEM	NA	NA	NA
6682237	Milford Haven Junior School	5	PEM	NA	NA	NA
6682242	Narberth Cp School	1	PEM	NA	NA	NA
6682243	Ysgol Bro Ingli	1	PEM	NA	NA	NA
6682250	Puncheston Cp	2	PEM	NA	NA	NA
6682253	St Dogmaels Cp	1	PEM	NA	NA	NA
6682254	Wolfscastle Cp	1	PEM	NA	NA	NA
6682258	Saundersfoot Cp	1	PEM	NA	NA	NA
6682260	Stepaside C. P. School	1	PEM	NA	NA	NA
6682261	Templeton	2	PEM	NA	NA	NA
6682263	Solva Community School	1	PEM	NA	NA	NA
6682265	The Meads Cp Infant And Nursery School	6	PEM	NA	NA	NA
6682266	Tavernspite Cp	1	PEM	NA	NA	NA
6682267	Mount Airey Community Nursery And Infant	6	PEM	NA	NA	NA
6682270	Ysgol Gymunedol Croesgoch	1	PEM	NA	NA	NA
6682271	Broad Haven Cp	1	PEM	NA	NA	NA
6682273	Roch C P	1	PEM	NA	NA	NA
6682383	Ysgol Glan Cleddau	1	PEM	NA	NA	NA
6682384	Coastlands Cp	1	PEM	NA	NA	NA
6682385	Ysgol Clydau	2	PEM	NA	NA	NA
6682386	Pembroke Dock Community School	1	PEM	NA	NA	NA
6682387	Monkton Priory C.P. School	1	PEM	NA	NA	NA
6682388	Gelli Aur/Golden Grove	1	PEM	NA	NA	NA
6682389	Ysgol Glannau Gwaun	1	PEM	NA	NA	NA
6682390	Ysgol y Frenni	1	PEM	NA	NA	NA
6682391	Prendergast Cp	1	PEM	NA	NA	NA
6682392	Pennar Community School	1	PEM	NA	NA	NA
6682393	Neyland Community School	1	PEM	NA	NA	NA
6682395	Ysgol Hafan y Mor	1	PEM	NA	NA	NA
6683035	Cilgerran Church In Wales Vc	1	PEM	NA	NA	NA
6683036	Cosheston Vc	1	PEM	NA	NA	NA
6683040	Cleddau Reach Vc School	1	PEM	NA	NA	NA
6683042	Manorbier V.C.P School	1	PEM	NA	NA	NA
6683050	Spittal Church In Wales Voluntary Controlled School	1	PEM	NA	NA	NA
6683053	Haverfordwest V.C.	5	PEM	NA	NA	NA
6683055	St Florence Vc School	2	PEM	NA	NA	NA
6683058	Ger Y Llan	1	PEM	NA	NA	NA
6683059	Tenby Church in Wales VC Primary School	1	PEM	NA	NA	NA
6683060	Penrhyn Church in Wales Voluntary Controlled School	1	PEM	NA	NA	NA
6683061	Gelliswick Church in Wales Voluntary Controlled Primary School	1	PEM	NA	NA	NA
6683310	Ysgol Bro Dewi Church In Wales Va	1	PEM	NA	NA	NA
6683311	Holy Name Rc School	2	PEM	NA	NA	NA
6683312	St. Mary's Catholic Primary School	1	PEM	NA	NA	NA
6683313	Mary Immaculate Catholic Primary School	1	PEM	NA	NA	NA
6683314	St Francis R C Primary School	1	PEM	NA	NA	NA
6683315	St.Aidan's V.A.	1	PEM	NA	NA	NA
6683319	St. Teilo's Catholic Primary School	1	PEM	NA	NA	NA
6683320	St. Mark's V. A. School	1	PEM	NA	NA	NA
6683321	St. Oswalds VA School	1	PEM	NA	NA	NA
6684031	Ysgol Bro Gwaun	3	PEM	NA	NA	NA
6684034	Ysgol Dewi Sant	3	PEM	NA	NA	NA
6684035	Ysgol Greenhill School	3	PEM	NA	NA	NA
6684038	Pembroke School	3	PEM	NA	NA	NA
6684055	Sir Thomas Picton School	3	PEM	NA	NA	NA
6684063	Milford Haven School	3	PEM	NA	NA	NA
6684064	Ysgol y Preseli	3	PEM	NA	NA	NA
6684511	Tasker-Milward V.C. School	3	PEM	NA	NA	NA
6687001	Portfield School	4	PEM	NA	NA	NA
6691000	Ammanford Nursery	11	CMN	NA	NA	NA
6692000	Cefneithin C.P.	1	CMN	NA	NA	NA
6692001	Ysgol Gynradd Drefach	1	CMN	NA	NA	NA
6692002	Maesybont C.P. School	1	CMN	NA	NA	NA
6692003	Llechyfedach C.P. School	1	CMN	NA	NA	NA
6692006	Ysgol Gynradd Y Tymbl	1	CMN	NA	NA	NA
6692007	Ysgol Gynradd Gorslas	1	CMN	NA	NA	NA
6692008	Cross Hands C.P. School	1	CMN	NA	NA	NA
6692009	Llangain C.P. School	1	CMN	NA	NA	NA
6692014	Ysgol Gynradd Peniel	1	CMN	NA	NA	NA
6692018	Ysgol Gynradd Bancffosfelen	1	CMN	NA	NA	NA
6692019	Ysgol Gwynfryn	2	CMN	NA	NA	NA
6692020	Carway C.P. School	1	CMN	NA	NA	NA
6692023	Pontiets C.P. School	2	CMN	NA	NA	NA
6692024	Ysgol Gynradd Ponthenri	2	CMN	NA	NA	NA
6692034	Bancyfelin C.P. School	1	CMN	NA	NA	NA
6692037	Meidrim C.P. School	2	CMN	NA	NA	NA
6692042	Ysgol Gynradd Saron	2	CMN	NA	NA	NA
6692043	Betws C.P. School	1	CMN	NA	NA	NA
6692044	Ysgol Gynradd Ty-croes	1	CMN	NA	NA	NA
6692050	Ysgol Gynradd Parcyrhun	1	CMN	NA	NA	NA
6692052	Ysgol Gynradd Blaenau	2	CMN	NA	NA	NA
6692057	Ysgol Gynradd Llanedi	2	CMN	NA	NA	NA
6692061	Ysgol Gynradd Ffairfach	1	CMN	NA	NA	NA
6692065	Talley C.P School	1	CMN	NA	NA	NA
6692067	Cwrt Henri Primary School	1	CMN	NA	NA	NA
6692080	Llangadog C.P. School	1	CMN	NA	NA	NA
6692084	Ysgol Rhys Prichard	1	CMN	NA	NA	NA
6692098	Ysgol Llys Hywel	2	CMN	NA	NA	NA
6692104	Ysgol Gynradd Brynsaron	2	CMN	NA	NA	NA
6692109	Llanpumsaint School	2	CMN	NA	NA	NA
6692112	Ysgol G. Mynyddygarreg	2	CMN	NA	NA	NA
6692114	Johnstown Primary School	1	CMN	NA	NA	NA
6692116	Ysgol Y Dderwen	1	CMN	NA	NA	NA
6692119	Llanmiloe C.P. School	2	CMN	NA	NA	NA
6692120	Bryn C.P. School	1	CMN	NA	NA	NA
6692121	Ysgol Y Bynea	1	CMN	NA	NA	NA
6692123	Dafen Primary School	1	CMN	NA	NA	NA
6692128	Ysgol Gynradd Pum Heol	2	CMN	NA	NA	NA
6692131	Hendy C.P. School	1	CMN	NA	NA	NA
6692135	Ysgol Gymraeg Ffwrnes	2	CMN	NA	NA	NA
6692159	Old Road C.P. School	1	CMN	NA	NA	NA
6692166	Ysgol Llansteffan	1	CMN	NA	NA	NA
6692167	Ysgol Gynradd Llannon	1	CMN	NA	NA	NA
6692168	Ysgol Gymraeg Brynsierfel	1	CMN	NA	NA	NA
6692169	Brynamman Primary School	1	CMN	NA	NA	NA
6692170	Abernant C.P. School	2	CMN	NA	NA	NA
6692171	Myrddin C.P. School	1	CMN	NA	NA	NA
6692173	Llangunnor C.P. School	1	CMN	NA	NA	NA
6692175	Trimsaran C.P. School	1	CMN	NA	NA	NA
6692176	Swiss Valley C.P. School	1	CMN	NA	NA	NA
6692177	Parc Y Tywyn School	1	CMN	NA	NA	NA
6692178	Pembrey C.P. School	1	CMN	NA	NA	NA
6692179	Ysgol Gymraeg Rhydaman	1	CMN	NA	NA	NA
6692180	Ysgol Beca	2	CMN	NA	NA	NA
6692181	Llandybie C.P. School	1	CMN	NA	NA	NA
6692182	Ysgol Gynradd Hafodwenog	2	CMN	NA	NA	NA
6692183	Ysgol Gymraeg Teilo Sant	1	CMN	NA	NA	NA
6692184	Llanybydder C.P. School	1	CMN	NA	NA	NA
6692185	Ysgol Gynradd Llandeilo Primary School	1	CMN	NA	NA	NA
6692187	Cynwyl Elfed School	2	CMN	NA	NA	NA
6692188	Halfway C.P. School	1	CMN	NA	NA	NA
6692189	Pwll C.P. School	1	CMN	NA	NA	NA
6692190	Penygaer Primary School	1	CMN	NA	NA	NA
6692192	Ysgol Y Castell	1	CMN	NA	NA	NA
6692193	Penygroes C.P. School	2	CMN	NA	NA	NA
6692194	Y.G. Nantgaredig	1	CMN	NA	NA	NA
6692370	Ysgol Gymraeg Gwenllian	1	CMN	NA	NA	NA
6692371	Ysgol Gymraeg Dewi Sant	1	CMN	NA	NA	NA
6692373	Ysgol Gynradd Pontyberem	1	CMN	NA	NA	NA
6692374	Bigyn C.P. School	1	CMN	NA	NA	NA
6692375	Stebonheath C.P. School	1	CMN	NA	NA	NA
6692379	Ysgol Y Ddwylan	2	CMN	NA	NA	NA
6692380	Richmond Park Primary School	1	CMN	NA	NA	NA
6692384	Ysgol Griffith Jones	1	CMN	NA	NA	NA
6692385	Ysgol y Fro	2	CMN	NA	NA	NA
6692386	Ysgol Carreg Hirfaen	1	CMN	NA	NA	NA
6692387	Cae'r Felin Community School	1	CMN	NA	NA	NA
6692388	Ysgol Y Bedol	1	CMN	NA	NA	NA
6692389	Ysgol Bro Brynach	1	CMN	NA	NA	NA
6692390	Ysgol Bryn Teg	1	CMN	NA	NA	NA
6692391	Ysgol Y Felin	2	CMN	NA	NA	NA
6692392	Ysgol Bro Banw	2	CMN	NA	NA	NA
6692393	Maes Y Morfa Community Primary School	1	CMN	NA	NA	NA
6692394	Burry Port Community Primary School	1	CMN	NA	NA	NA
6692395	Ysgol Pen Rhos	1	CMN	NA	NA	NA
6692396	Ysgol Gymraeg Llangennech	1	CMN	NA	NA	NA
6693000	Abergwili Voluntary Controlled Primary School	2	CMN	NA	NA	NA
6693002	Tremoilet V.C.P.	2	CMN	NA	NA	NA
6693003	Laugharne V.C.P. School	2	CMN	NA	NA	NA
6693004	Ysgol Gynradd Wirfoddol Llanddarog	1	CMN	NA	NA	NA
6693013	Ferryside V.C.P. School	2	CMN	NA	NA	NA
6693026	Ysgol Gynradd Wirfoddol Llanllwni	2	CMN	NA	NA	NA
6693300	St Mary's Catholic Primary School (Llanelli)	1	CMN	NA	NA	NA
6693301	St Mary's R.C. Primary School (Carmarthen)	1	CMN	NA	NA	NA
6693307	Ysgol Wirfoddol Penboyr	2	CMN	NA	NA	NA
6693321	Pentip V.A. C.I.W. Primary School	1	CMN	NA	NA	NA
6693322	Model Church In Wales School	1	CMN	NA	NA	NA
6694029	Ysgol Dyffryn Aman	3	CMN	NA	NA	NA
6694050	Coedcae School	7	CMN	NA	NA	NA
6694052	Ysgol Gyfun Y Strade	3	CMN	NA	NA	NA
6694053	Glan-y-Mor School	7	CMN	NA	NA	NA
6694054	Bryngwyn School	7	CMN	NA	NA	NA
6694056	Ysgol Gyfun Gymraeg Bro Myrddin	3	CMN	NA	NA	NA
6694060	Ysgol Gyfun Emlyn	3	CMN	NA	NA	NA
6694063	Queen Elizabeth High School	3	CMN	NA	NA	NA
6694064	Ysgol Maes y Gwendraeth	3	CMN	NA	NA	NA
6694065	Ysgol Bro Dinefwr	3	CMN	NA	NA	NA
6694512	Dyffryn Taf	3	CMN	NA	NA	NA
6694600	St John Lloyd Catholic Comprehensive School	7	CMN	NA	NA	NA
6697000	Ysgol Heol Goffa	4	CMN	NA	NA	NA
6697010	Rhydygors School & Support Services	10	CMN	NA	NA	NA
6702006	Brynmill School	1	SWA	NA	NA	NA
6702008	Cadle Primary School	1	SWA	NA	NA	NA
6702014	Cwmrhydyceirw Primary School	1	SWA	NA	NA	NA
6702017	Danygraig Primary School	1	SWA	NA	NA	NA
6702021	Gendros Primary School	1	SWA	NA	NA	NA
6702023	Glais Primary School	1	SWA	NA	NA	NA
6702027	Grange Primary School	1	SWA	NA	NA	NA
6702032	Hafod Primary School	1	SWA	NA	NA	NA
6702036	Ysgol Gymraeg Lon Las	1	SWA	NA	NA	NA
6702040	Morriston Primary School	1	SWA	NA	NA	NA
6702042	Oystermouth Primary School	1	SWA	NA	NA	NA
6702048	Pentrechwyth Primary School	1	SWA	NA	NA	NA
6702051	Plasmarl Primary School	1	SWA	NA	NA	NA
6702054	Sketty Primary School	1	SWA	NA	NA	NA
6702055	St Helen's Primary School	1	SWA	NA	NA	NA
6702059	Terrace Road Primary School	1	SWA	NA	NA	NA
6702063	Townhill Primary School	1	SWA	NA	NA	NA
6702065	Waunarlwydd Primary School	1	SWA	NA	NA	NA
6702067	Waun Wen School	1	SWA	NA	NA	NA
6702069	Clwyd Primary School	1	SWA	NA	NA	NA
6702071	Ynystawe Primary School	1	SWA	NA	NA	NA
6702073	Clase Primary School	1	SWA	NA	NA	NA
6702075	Portmead Primary School	1	SWA	NA	NA	NA
6702076	Mayals Primary	1	SWA	NA	NA	NA
6702077	Cwmglas Primary School	1	SWA	NA	NA	NA
6702082	Blaenymaes Primary School	1	SWA	NA	NA	NA
6702084	Trallwn Primary School	1	SWA	NA	NA	NA
6702086	Parkland Primary School	1	SWA	NA	NA	NA
6702092	Newton Primary School	1	SWA	NA	NA	NA
6702095	Whitestone Primary	1	SWA	NA	NA	NA
6702096	Hendrefoilan Primary	1	SWA	NA	NA	NA
6702098	Y.G.G. Brynymor	1	SWA	NA	NA	NA
6702105	Bishopston Primary School	1	SWA	NA	NA	NA
6702108	Casllwchwr Primary School	1	SWA	NA	NA	NA
6702109	Cila Primary School	1	SWA	NA	NA	NA
6702117	Craigcefnparc Primary	1	SWA	NA	NA	NA
6702120	Crwys Primary School	1	SWA	NA	NA	NA
6702133	Ysgol Gynradd Felindre	1	SWA	NA	NA	NA
6702157	Llangyfelach Primary School	1	SWA	NA	NA	NA
6702159	Llanrhidian Primary	1	SWA	NA	NA	NA
6702167	Penclawdd Primary School	1	SWA	NA	NA	NA
6702172	Pengelli Primary	1	SWA	NA	NA	NA
6702174	Penllergaer Primary School	1	SWA	NA	NA	NA
6702176	Penyrheol Primary School	1	SWA	NA	NA	NA
6702186	Pontarddulais Primary School	1	SWA	NA	NA	NA
6702189	Y.G.G. Bryniago	1	SWA	NA	NA	NA
6702192	Pontlliw Primary	1	SWA	NA	NA	NA
6702211	Tre Uchaf Primary School	1	SWA	NA	NA	NA
6702212	Y.G.G. Pontybrenin	1	SWA	NA	NA	NA
6702215	Craigfelen Primary School	1	SWA	NA	NA	NA
6702216	Pennard Primary	1	SWA	NA	NA	NA
6702217	Knelston Primary	1	SWA	NA	NA	NA
6702219	Pen-Y-Fro	1	SWA	NA	NA	NA
6702223	Pontybrenin Primary School	1	SWA	NA	NA	NA
6702225	Talycopa Primary School	1	SWA	NA	NA	NA
6702226	Glyncollen Primary School	1	SWA	NA	NA	NA
6702229	Ysgol Gymraeg Y Login Fach	1	SWA	NA	NA	NA
6702231	Y.G.G. Tirdeunaw	1	SWA	NA	NA	NA
6702232	Y.G.G. Gellionnen	1	SWA	NA	NA	NA
6702233	Gors Community School	1	SWA	NA	NA	NA
6702234	Sea View Primary School	1	SWA	NA	NA	NA
6702235	Y.G.G. Llwynderw	1	SWA	NA	NA	NA
6702236	Birchgrove Primary	1	SWA	NA	NA	NA
6702237	Dunvant Primary School	1	SWA	NA	NA	NA
6702238	Gwyrosydd Primary School	1	SWA	NA	NA	NA
6702239	St Thomas Community Primary School	1	SWA	NA	NA	NA
6702240	Gowerton Primary School	1	SWA	NA	NA	NA
6702241	Pentreâ€™r Graig Primary School	1	SWA	NA	NA	NA
6702242	Ysgol Gymraeg Tan-y-lan	1	SWA	NA	NA	NA
6702243	Burlais Primary School	1	SWA	NA	NA	NA
6702244	Clydach Primary School	1	SWA	NA	NA	NA
6702245	Ysgol Gymraeg y Cwm	1	SWA	NA	NA	NA
6702246	Gorseinon Primary School	1	SWA	NA	NA	NA
6702247	Brynhyfryd Primary School	1	SWA	NA	NA	NA
6703303	St. David's Rc Primary School	1	SWA	NA	NA	NA
6703305	St Illtyds Primary	1	SWA	NA	NA	NA
6703306	Christchurch Church In Wales	1	SWA	NA	NA	NA
6703308	St Joseph's R.C. Primary	1	SWA	NA	NA	NA
6703309	St Josephs Cathedral Primary School	1	SWA	NA	NA	NA
6704031	Cefn Hengoed	7	SWA	NA	NA	NA
6704032	Olchfa School	3	SWA	NA	NA	NA
6704033	Morriston Comprehensive	3	SWA	NA	NA	NA
6704043	Pentrehafod School	7	SWA	NA	NA	NA
6704044	Bishop Gore School	3	SWA	NA	NA	NA
6704062	Penyrheol Comprehensive School	7	SWA	NA	NA	NA
6704063	Gowerton Comprehensive School	3	SWA	NA	NA	NA
6704069	Bishopston Comprehensive	7	SWA	NA	NA	NA
6704072	Pontarddulais Comprehensive School	7	SWA	NA	NA	NA
6704074	Ysgol Gyfun Gwyr	3	SWA	NA	NA	NA
6704075	Birchgrove	7	SWA	NA	NA	NA
6704076	Dylan Thomas Community School	7	SWA	NA	NA	NA
6704078	Ysgol Gyfun Gymraeg Bryn Tawe	3	SWA	NA	NA	NA
6704600	Bishop Vaughan School	3	SWA	NA	NA	NA
6707000	Ysgol Pen-y-Bryn	4	SWA	NA	NA	NA
6707008	Ysgol Crug Glas	4	SWA	NA	NA	NA
6712100	Alltwen Primary School	1	NTL	NA	NA	NA
6712101	Blaendulais Primary School	1	NTL	NA	NA	NA
6712106	Blaengwrach Primary School	1	NTL	NA	NA	NA
6712110	Blaenhonddan Primary School	1	NTL	NA	NA	NA
6712113	Brynhyfryd Primary School	1	NTL	NA	NA	NA
6712119	Baglan Primary School	1	NTL	NA	NA	NA
6712128	YGG Cwmllynfell	1	NTL	NA	NA	NA
6712129	Creunant Primary School	1	NTL	NA	NA	NA
6712134	Crymlyn Primary School	1	NTL	NA	NA	NA
6712137	Cwmnedd Primary School	1	NTL	NA	NA	NA
6712138	Cymer Afan Primary School	1	NTL	NA	NA	NA
6712140	Godre'rgraig Primary School	1	NTL	NA	NA	NA
6712142	Eastern Primary School	1	NTL	NA	NA	NA
6712144	Gnoll Primary School	1	NTL	NA	NA	NA
6712148	Glyncorrwg Primary School	1	NTL	NA	NA	NA
6712149	YGG Gwaun Cae Gurwen	1	NTL	NA	NA	NA
6712150	Catwg Primary School	1	NTL	NA	NA	NA
6712152	Llansawel Primary School	1	NTL	NA	NA	NA
6712155	Maesmarchog Community Primary School	1	NTL	NA	NA	NA
6712158	YGG Rhosafan	1	NTL	NA	NA	NA
6712161	Sandfields Primary School	1	NTL	NA	NA	NA
6712168	YGG Castell-nedd	1	NTL	NA	NA	NA
6712173	Croeserw Primary School	1	NTL	NA	NA	NA
6712175	Tywyn Primary School	1	NTL	NA	NA	NA
6712178	Llangiwg Primary School	1	NTL	NA	NA	NA
6712181	Tonnau Primary Community School	1	NTL	NA	NA	NA
6712187	Ynysfach Primary School	1	NTL	NA	NA	NA
6712191	Blaenbaglan Primary School	1	NTL	NA	NA	NA
6712193	Ynysmaerdy Primary School	1	NTL	NA	NA	NA
6712200	Rhos Primary School	1	NTL	NA	NA	NA
6712202	YGG Blaendulais	1	NTL	NA	NA	NA
6712203	Rhydyfro Primary School	1	NTL	NA	NA	NA
6712204	Groes Primary School	1	NTL	NA	NA	NA
6712205	YGG Cwm Nedd	1	NTL	NA	NA	NA
6712206	Tairgwaith Primary School	1	NTL	NA	NA	NA
6712208	YGG Trebannws	1	NTL	NA	NA	NA
6712218	YGG Pontardawe	1	NTL	NA	NA	NA
6712221	Waunceirch Primary School	1	NTL	NA	NA	NA
6712230	Cilffriw Primary School	1	NTL	NA	NA	NA
6712231	YGG Tyle'r Ynn	1	NTL	NA	NA	NA
6712232	Coed Hirwaun Primary School	1	NTL	NA	NA	NA
6712233	Coedffranc Primary School	1	NTL	NA	NA	NA
6712234	Pen Afan Primary	1	NTL	NA	NA	NA
6712235	Awel Y Mor Primary School	1	NTL	NA	NA	NA
6712236	Crynallt Primary School	1	NTL	NA	NA	NA
6712237	Cwmafan Primary School	1	NTL	NA	NA	NA
6712238	Central Primary School	1	NTL	NA	NA	NA
6712239	Abbey Primary School	1	NTL	NA	NA	NA
6712240	Melin Primary School	1	NTL	NA	NA	NA
6713309	St Joseph's Catholic Primary School (Neath)	1	NTL	NA	NA	NA
6713310	St Josephs Catholic Infant School	6	NTL	NA	NA	NA
6713311	Bryncoch CIW Primary School	1	NTL	NA	NA	NA
6713313	Alderman Davies CIW Primary School	1	NTL	NA	NA	NA
6713314	St Therese's Catholic Primary School	1	NTL	NA	NA	NA
6713316	St Josephs Catholic Junior School	5	NTL	NA	NA	NA
6714047	Cymer Afan Comprehensive School	7	NTL	NA	NA	NA
6714059	Dyffryn School	7	NTL	NA	NA	NA
6714064	Cefn Saeson Comprehensive School	7	NTL	NA	NA	NA
6714065	Cwmtawe Community School	7	NTL	NA	NA	NA
6714066	Llangatwg Community School	7	NTL	NA	NA	NA
6714067	Dwr Y Felin Comprehensive School	7	NTL	NA	NA	NA
6714601	St Joseph's RC School and 6th Form Centre	3	NTL	NA	NA	NA
6715500	Ysgol Bae Baglan	8	NTL	NA	NA	NA
6715501	Ysgol Gymraeg Ystalyfera - Bro Dur	9	NTL	NA	NA	NA
6717006	Ysgol Maes Y Coed	4	NTL	NA	NA	NA
6717008	Ysgol Hendrefelin	10	NTL	NA	NA	NA
6722046	Abercerdin Primary School	1	BGE	NA	NA	NA
6722051	Betws Primary School	1	BGE	NA	NA	NA
6722055	Blaengarw Primary	1	BGE	NA	NA	NA
6722086	Brynmenyn Primary	1	BGE	NA	NA	NA
6722090	Bryntirion Infants	6	BGE	NA	NA	NA
6722103	Cefn Cribwr Primary School	1	BGE	NA	NA	NA
6722109	Coety Primary School	1	BGE	NA	NA	NA
6722117	Cwmfelin Primary School	1	BGE	NA	NA	NA
6722122	Ffaldau	1	BGE	NA	NA	NA
6722129	Garth Primary School	1	BGE	NA	NA	NA
6722146	Coychurch Llangrallo Primary	1	BGE	NA	NA	NA
6722149	Llangynwyd Primary School	1	BGE	NA	NA	NA
6722172	Nantyffyllon Primary School	1	BGE	NA	NA	NA
6722178	Nantymoel Primary School	1	BGE	NA	NA	NA
6722185	Newton Primary	1	BGE	NA	NA	NA
6722194	Nottage County Primary	1	BGE	NA	NA	NA
6722220	Pen-Y-Bont Primary	1	BGE	NA	NA	NA
6722227	Pil Primary	1	BGE	NA	NA	NA
6722232	Plasnewydd Primary School	1	BGE	NA	NA	NA
6722256	Trelales Primary School	1	BGE	NA	NA	NA
6722259	Ygg Cynwyd Sant	1	BGE	NA	NA	NA
6722275	Tynyrheol Primary School	1	BGE	NA	NA	NA
6722279	Croesty Primary School	1	BGE	NA	NA	NA
6722288	Corneli Primary	1	BGE	NA	NA	NA
6722292	Llangewydd Junior School	5	BGE	NA	NA	NA
6722296	Porthcawl Primary School	1	BGE	NA	NA	NA
6722298	Ysgol Gymraeg Bro Ogwr	1	BGE	NA	NA	NA
6722300	Cefn Glas Infants	6	BGE	NA	NA	NA
6722301	West Park Primary	1	BGE	NA	NA	NA
6722304	Afon Y Felin Primary School	1	BGE	NA	NA	NA
6722342	Tondu Primary School	1	BGE	NA	NA	NA
6722358	Ysgol Y Ferch O'r Sger	1	BGE	NA	NA	NA
6722363	Y G G Cwm Garw	1	BGE	NA	NA	NA
6722367	Maes Yr Haul Broadlands	1	BGE	NA	NA	NA
6722368	Bryncethin Primary	2	BGE	NA	NA	NA
6722369	Ogmore Vale Primary School	1	BGE	NA	NA	NA
6722370	Pencoed Primary School	1	BGE	NA	NA	NA
6722371	Oldcastle Primary School	1	BGE	NA	NA	NA
6722372	Brackla Primary School	1	BGE	NA	NA	NA
6722373	Caerau Primary School	1	BGE	NA	NA	NA
6722374	Litchard Primary	1	BGE	NA	NA	NA
6722375	Tremains Primary School	1	BGE	NA	NA	NA
6722376	Mynydd Cynffig Primary School	1	BGE	NA	NA	NA
6723013	Penyfai Church In Wales	2	BGE	NA	NA	NA
6723311	St. Mary`s & St. Patrick`s	1	BGE	NA	NA	NA
6723315	St. Robert's Rc Primary	2	BGE	NA	NA	NA
6723322	St Mary's R C Primary School	1	BGE	NA	NA	NA
6723323	Archdeacon John Lewis C In W	1	BGE	NA	NA	NA
6724059	Cynffig Comprehensive	3	BGE	NA	NA	NA
6724068	Bryntirion Comprehensive.	3	BGE	NA	NA	NA
6724071	Maesteg Comprehensive School	3	BGE	NA	NA	NA
6724076	Pencoed Comprehensive	3	BGE	NA	NA	NA
6724078	Brynteg School	3	BGE	NA	NA	NA
6724080	Porthcawl Comprehensive School	3	BGE	NA	NA	NA
6724085	Ysgol Gyfun Gymraeg Llangynwyd	3	BGE	NA	NA	NA
6724086	Coleg Cymunedol Y Dderwen	3	BGE	NA	NA	NA
6724601	Archbishop McGrath Catholic High School	3	BGE	NA	NA	NA
6727003	Heronsbridge Special School	4	BGE	NA	NA	NA
6727012	Ysgol Bryn Castell	4	BGE	NA	NA	NA
6731011	Cogan Nursery School	11	VGL	NA	NA	NA
6731013	Bute Cottage Nursery School	11	VGL	NA	NA	NA
6732109	Albert Primary School	1	VGL	NA	NA	NA
6732111	Barry Island Primary School	1	VGL	NA	NA	NA
6732114	Cogan Primary School	2	VGL	NA	NA	NA
6732115	Colcot Primary School	1	VGL	NA	NA	NA
6732117	Fairfield Primary School	1	VGL	NA	NA	NA
6732118	Gladstone Primary School	1	VGL	NA	NA	NA
6732120	High Street Primary School	1	VGL	NA	NA	NA
6732122	Holton Primary School	1	VGL	NA	NA	NA
6732124	Jenner Park Primary School	1	VGL	NA	NA	NA
6732126	Llancarfan Primary School	2	VGL	NA	NA	NA
6732127	Llanfair Primary School	1	VGL	NA	NA	NA
6732128	Llangan Primary School	1	VGL	NA	NA	NA
6732131	Palmerston Primary School	1	VGL	NA	NA	NA
6732133	Rhws County Primary School	1	VGL	NA	NA	NA
6732136	Sully Primary School	1	VGL	NA	NA	NA
6732138	Victoria Primary School	1	VGL	NA	NA	NA
6732144	St Athan Primary School	1	VGL	NA	NA	NA
6732146	St Illtyd Primary School	1	VGL	NA	NA	NA
6732148	Evenlode Primary School	2	VGL	NA	NA	NA
6732149	Llandough County Primary	1	VGL	NA	NA	NA
6732151	Y Bont Faen Primary School	1	VGL	NA	NA	NA
6732152	Ysgol Pen-y-Garth	1	VGL	NA	NA	NA
6732156	Ysgol Gymraeg Sant Baruc	1	VGL	NA	NA	NA
6732163	Oak Field Primary And Nursery School	1	VGL	NA	NA	NA
6732165	Ysgol Iolo Morganwg	1	VGL	NA	NA	NA
6732178	Ysgol Gymraeg Sant Curig	1	VGL	NA	NA	NA
6732179	Ysgol Gymraeg Gwaun Y Nant	1	VGL	NA	NA	NA
6732181	Cadoxton Primary School	2	VGL	NA	NA	NA
6732182	Romilly Primary School	1	VGL	NA	NA	NA
6732184	Ysgol Gymraeg Dewi Sant	1	VGL	NA	NA	NA
6732185	Dinas Powys Primary School	1	VGL	NA	NA	NA
6732186	Ysgol y Ddraig	1	VGL	NA	NA	NA
6733037	St Nicholas C/W Primary School	2	VGL	NA	NA	NA
6733047	Peterston-Super-Ely Primary	1	VGL	NA	NA	NA
6733057	Gwenfo C/W Primary School	1	VGL	NA	NA	NA
6733320	St Brides C W Primary School	1	VGL	NA	NA	NA
6733321	Wick And Marcross C/W Primary	2	VGL	NA	NA	NA
6733363	Pendoylan C/W Primary School	1	VGL	NA	NA	NA
6733364	St Andrew's C/W Primary School	1	VGL	NA	NA	NA
6733365	Llansannor C/W Primary School	1	VGL	NA	NA	NA
6733367	St David's Church-In-Wales	1	VGL	NA	NA	NA
6733368	St. Joseph's Rc Primary School	1	VGL	NA	NA	NA
6733372	All Saints Cw Primary School	1	VGL	NA	NA	NA
6733373	St Helen's Catholic Primary School	1	VGL	NA	NA	NA
6734060	Llantwit Major School	3	VGL	NA	NA	NA
6734061	Barry Comprehensive School	3	VGL	NA	NA	NA
6734062	Bryn Hafren Comprehensive School	3	VGL	NA	NA	NA
6734065	Cowbridge Comprehensive School	3	VGL	NA	NA	NA
6734067	St Cyres Comprehensive School	3	VGL	NA	NA	NA
6734612	St Richard Gwyn Catholic High School	7	VGL	NA	NA	NA
6735400	Stanwell School	3	VGL	NA	NA	NA
6735500	Ysgol Gymraeg Bro Morgannwg	9	VGL	NA	NA	NA
6737024	Ysgol Y Deri	4	VGL	NA	NA	NA
6742044	Penderyn Primary	1	NA	NA	NA	NA
6742045	Oaklands Primary School	1	NA	NA	NA	NA
6742052	Alaw Primary School	1	NA	NA	NA	NA
6742053	Abernant County Primary	1	NA	NA	NA	NA
6742060	Cilfynydd Primary	1	NA	NA	NA	NA
6742061	Brynnau Primary	1	NA	NA	NA	NA
6742066	Coedpenmaen County Primary	1	NA	NA	NA	NA
6742069	Bodringallt Primary School.	1	NA	NA	NA	NA
6742070	Blaengwawr Primary	1	NA	NA	NA	NA
6742072	Coedylan Primary School	1	NA	NA	NA	NA
6742077	Caegarw Primary School	1	NA	NA	NA	NA
6742079	Cwmlai Primary	1	NA	NA	NA	NA
6742083	Dolau Primary	1	NA	NA	NA	NA
6742084	Capcoch Primary School	1	NA	NA	NA	NA
6742093	Caradog Primary School	1	NA	NA	NA	NA
6742102	Ffynnon Taf Primary School	1	NA	NA	NA	NA
6742104	Hawthorn Primary School	1	NA	NA	NA	NA
6742112	Darran Park Primary	1	NA	NA	NA	NA
6742118	Llanilltud Faerdref Primary	1	NA	NA	NA	NA
6742119	Gelli Primary School	1	NA	NA	NA	NA
6742124	Llantrisant Primary School	1	NA	NA	NA	NA
6742125	Cwmaman Infants	6	NA	NA	NA	NA
6742127	Hafod Primary School	1	NA	NA	NA	NA
6742130	Maes-Y-Coed Primary School	1	NA	NA	NA	NA
6742134	Cwmdar County Primary School	1	NA	NA	NA	NA
6742137	Parclewis Primary School	1	NA	NA	NA	NA
6742138	Llwyncelyn Infants	6	NA	NA	NA	NA
6742142	Llanharan Primary School	1	NA	NA	NA	NA
6742143	Llwynypia Primary School	1	NA	NA	NA	NA
6742144	Darrenlas Primary School	1	NA	NA	NA	NA
6742151	Llanhari Primary	1	NA	NA	NA	NA
6742157	Glynhafod Junior School	5	NA	NA	NA	NA
6742160	Pontyclun Primary	1	NA	NA	NA	NA
6742161	Parc Primary School	1	NA	NA	NA	NA
6742167	Rhigos Primary School	1	NA	NA	NA	NA
6742168	Tonyrefail Primary	1	NA	NA	NA	NA
6742170	Hirwaun Primary School	1	NA	NA	NA	NA
6742176	Penygraig Junior School	5	NA	NA	NA	NA
6742179	Penygraig Infants School	6	NA	NA	NA	NA
6742180	Llwydcoed Primary School	1	NA	NA	NA	NA
6742182	Trallwng Infants School	6	NA	NA	NA	NA
6742192	Pengeulan Primary	1	NA	NA	NA	NA
6742196	Pontrhondda Primary School	2	NA	NA	NA	NA
6742199	Trehopcyn Primary	1	NA	NA	NA	NA
6742200	Pontygwaith Primary School	1	NA	NA	NA	NA
6742206	Trerobart Primary School	1	NA	NA	NA	NA
6742211	Porth Infants	6	NA	NA	NA	NA
6742216	Y.G.G.Pontsionnorton School	1	NA	NA	NA	NA
6742218	Perthcelyn Community Primary School	1	NA	NA	NA	NA
6742221	Heol Y Celyn Bilingual Primary	1	NA	NA	NA	NA
6742222	Ton Pentre Junior School	5	NA	NA	NA	NA
6742225	Craig Yr Hesg Primary School	1	NA	NA	NA	NA
6742228	Llwyn-Crwn Primary School	1	NA	NA	NA	NA
6742229	Ton Pentre Infants	6	NA	NA	NA	NA
6742234	Tonypandy Primary School	1	NA	NA	NA	NA
6742235	Y.G.G.Aberdar	1	NA	NA	NA	NA
6742243	Trealaw County Primary School	1	NA	NA	NA	NA
6742244	Glenboi Community Primary School	1	NA	NA	NA	NA
6742247	Cefn Primary School	1	NA	NA	NA	NA
6742250	Ygg Garth Olwg	2	NA	NA	NA	NA
6742251	Treorchy Primary	1	NA	NA	NA	NA
6742258	Williamstown Primary	1	NA	NA	NA	NA
6742263	Maesybryn Primary School	1	NA	NA	NA	NA
6742264	Tylorstown Primary School	1	NA	NA	NA	NA
6742269	Tref-y-Rhyg Primary School	1	NA	NA	NA	NA
6742272	Ysgol Gymraeg Tonyrefail	1	NA	NA	NA	NA
6742276	Penygawsi Primary School	1	NA	NA	NA	NA
6742284	Ysgol Gymraeg Llwyncelyn	1	NA	NA	NA	NA
6742287	Ysgol Gynradd Gymraeg Ynyswen	1	NA	NA	NA	NA
6742295	Porth Junior School	5	NA	NA	NA	NA
6742306	Tonysguboriau Primary School	1	NA	NA	NA	NA
6742351	Y. G. G. G. Llantrisant	1	NA	NA	NA	NA
6742356	Ysgol Gymraeg Bodringallt	1	NA	NA	NA	NA
6742359	Y.G.G. Castellau	1	NA	NA	NA	NA
6742361	Y.G.G. Llyn-Y-Forwyn	1	NA	NA	NA	NA
6742362	Ysgol Gymraeg Evan James	1	NA	NA	NA	NA
6742364	Ysgol Gymraeg Abercynon	1	NA	NA	NA	NA
6742365	Ygg Bronllwyn School	1	NA	NA	NA	NA
6742367	Miskin Primary	1	NA	NA	NA	NA
6742369	Penpych Community Primary Scho	1	NA	NA	NA	NA
6742370	Hendreforgan Primary School	1	NA	NA	NA	NA
6742371	Penyrenglyn Primary	1	NA	NA	NA	NA
6742372	Penywaun Community School	1	NA	NA	NA	NA
6742373	Penrhys Community Primary	1	NA	NA	NA	NA
6742374	Gwaunmeisgyn Primary School	1	NA	NA	NA	NA
6742375	Gwauncelyn Primary School	1	NA	NA	NA	NA
6742376	Penrhiwceibr Primary	1	NA	NA	NA	NA
6742377	Ysgol Yr Eos	1	NA	NA	NA	NA
6742378	Ynyshir Community Primary	1	NA	NA	NA	NA
6742380	Cwmclydach Community Primary School	1	NA	NA	NA	NA
6742381	Aberdare Park Primary	1	NA	NA	NA	NA
6742382	Maerdy Primary School	1	NA	NA	NA	NA
6742383	Cwmbach Community Primary	1	NA	NA	NA	NA
6742384	Ynysboeth Community Primary	1	NA	NA	NA	NA
6742385	Abercynon Primary	1	NA	NA	NA	NA
6742386	Cymmer Primary School	1	NA	NA	NA	NA
6743309	Our Lady's R.C.	1	NA	NA	NA	NA
6743312	St Michaels Primary	1	NA	NA	NA	NA
6743313	S.S.Gabriel And Raphael Prim	1	NA	NA	NA	NA
6743314	St. Margaret's Catholic Primary School	1	NA	NA	NA	NA
6743317	Aberdare Town C In W Primary	1	NA	NA	NA	NA
6743319	Cwmbach Church In Wales	1	NA	NA	NA	NA
6744019	Bryncelynnog Comprehensive School	3	NA	NA	NA	NA
6744022	The Pontypridd High School	3	NA	NA	NA	NA
6744027	Hawthorn High School	3	NA	NA	NA	NA
6744053	Mountain Ash Comprehensive School	3	NA	NA	NA	NA
6744054	Ysgol Gyfun Garth Olwg	3	NA	NA	NA	NA
6744057	Tonyrefail School	3	NA	NA	NA	NA
6744081	Treorchy Comprehensive School	3	NA	NA	NA	NA
6744083	Ferndale Community School	7	NA	NA	NA	NA
6744087	Porth County Community	3	NA	NA	NA	NA
6744095	Tonypandy Community College	3	NA	NA	NA	NA
6744096	Y Pant Comprehensive	3	NA	NA	NA	NA
6744097	Ysgol Gyfun Cwm Rhondda	3	NA	NA	NA	NA
6744105	Ysgol Gyfun Rhydywaun	3	NA	NA	NA	NA
6744106	Aberdare Community School	3	NA	NA	NA	NA
6744602	Cardinal Newman R.C.	3	NA	NA	NA	NA
6744604	St.John Baptist High School	3	NA	NA	NA	NA
6745500	Ysgol Llanhari	9	NA	NA	NA	NA
6747006	Maesgwyn	4	NA	NA	NA	NA
6747008	Park Lane Special School	4	NA	NA	NA	NA
6747011	Ysgol Hen Felin	4	NA	NA	NA	NA
6747015	Ysgol Ty Coch	4	NA	NA	NA	NA
6751027	Gurnos Nursery School	11	MTY	NA	NA	NA
6752000	Abercanaid Community	1	MTY	NA	NA	NA
6752002	Cyfarthfa Park Primary School	1	MTY	NA	NA	NA
6752006	Caedraw Primary	1	MTY	NA	NA	NA
6752010	Gellifaelog Primary School	1	MTY	NA	NA	NA
6752015	Pantysgallog Primary School	1	MTY	NA	NA	NA
6752020	Gwaunfarren Primary	1	MTY	NA	NA	NA
6752022	Heolgerrig Community School	1	MTY	NA	NA	NA
6752039	Ynysowen Primary	1	MTY	NA	NA	NA
6752042	Ysgol Santes Tudful	1	MTY	NA	NA	NA
6752054	Bedlinog Community Primary School	1	MTY	NA	NA	NA
6752231	Trelewis Primary School	1	MTY	NA	NA	NA
6752330	Ysgol-Y-Graig	2	MTY	NA	NA	NA
6752346	Ysgol Gymraeg Rhyd-Y-Grug	1	MTY	NA	NA	NA
6752351	Coed Y Dderwen Primary School	1	MTY	NA	NA	NA
6752352	Twynyrodyn Community School	1	MTY	NA	NA	NA
6752353	Edwardsville Primary School	2	MTY	NA	NA	NA
6752354	Troedyrhiw Community Primary School	1	MTY	NA	NA	NA
6752355	Dowlais Primary School	2	MTY	NA	NA	NA
6752356	Goetre Primary School	1	MTY	NA	NA	NA
6753300	St. Illtyds R.C.	1	MTY	NA	NA	NA
6753306	St.Mary's Catholic Primary	1	MTY	NA	NA	NA
6753307	St Aloysius Rc	2	MTY	NA	NA	NA
6754011	Afon Taf High School	7	MTY	NA	NA	NA
6754012	Pen-Y-Dre High School	7	MTY	NA	NA	NA
6754013	Cyfarthfa High School	7	MTY	NA	NA	NA
6754600	Bishop Hedley High School	7	MTY	NA	NA	NA
6757013	Greenfield School	4	MTY	NA	NA	NA
6762058	Pengam Primary	1	CAY	NA	NA	NA
6762061	Fleur-De-Lys Primary	1	CAY	NA	NA	NA
6762071	Coed-Y-Brain Primary	1	CAY	NA	NA	NA
6762078	Markham Primary	1	CAY	NA	NA	NA
6762081	Cwmaber Junior School	5	CAY	NA	NA	NA
6762084	Libanus Primary	1	CAY	NA	NA	NA
6762086	Pontllanfraith Primary School	1	CAY	NA	NA	NA
6762089	Deri Primary School	1	CAY	NA	NA	NA
6762093	Crumlin High Level Primary	1	CAY	NA	NA	NA
6762095	Pentwynmawr Primary School	1	CAY	NA	NA	NA
6762097	Derwendeg Primary School	1	CAY	NA	NA	NA
6762098	Tynewydd Primary School.	1	CAY	NA	NA	NA
6762100	Cwmcarn Primary School	1	CAY	NA	NA	NA
6762103	Waunfawr Primary	1	CAY	NA	NA	NA
6762105	Risca Primary	1	CAY	NA	NA	NA
6762108	Fochriw Primary	1	CAY	NA	NA	NA
6762121	Gilfach Fargoed Primary	1	CAY	NA	NA	NA
6762140	Hendre Junior School	5	CAY	NA	NA	NA
6762145	Hendre Infants School	6	CAY	NA	NA	NA
6762148	Hengoed Primary	1	CAY	NA	NA	NA
6762158	Llancaeach Junior School	5	CAY	NA	NA	NA
6762171	Llanfabon Infants School	6	CAY	NA	NA	NA
6762193	Rhydri Primary School	1	CAY	NA	NA	NA
6762197	Nant Y Parc Primary School	1	CAY	NA	NA	NA
6762207	Pantside Primary	1	CAY	NA	NA	NA
6762224	Tiryberth Primary	1	CAY	NA	NA	NA
6762227	Ty Isaf Infants School	6	CAY	NA	NA	NA
6762252	Cwm Ifor Primary School	1	CAY	NA	NA	NA
6762256	Bryn Primary	1	CAY	NA	NA	NA
6762262	Ysgol Ifor Bach	1	CAY	NA	NA	NA
6762264	Abercarn Primary School	1	CAY	NA	NA	NA
6762278	Greenhill Primary	1	CAY	NA	NA	NA
6762282	Ysgol Gymraeg Caerffili	1	CAY	NA	NA	NA
6762285	Ysgol Gymraeg Gilfach Fargod	1	CAY	NA	NA	NA
6762296	Ynysddu Primary School	1	CAY	NA	NA	NA
6762307	Upper Rhymney Primary School	1	CAY	NA	NA	NA
6762309	Ysgol Y Lawnt	1	CAY	NA	NA	NA
6762310	Bryn Awel Primary School	1	CAY	NA	NA	NA
6762313	Ysgol Gymraeg Trelyn	1	CAY	NA	NA	NA
6762316	Phillipstown Primary School	1	CAY	NA	NA	NA
6762322	Maesycwmmer Primary School	1	CAY	NA	NA	NA
6762323	Bedwas Junior	5	CAY	NA	NA	NA
6762326	Machen Primary School	1	CAY	NA	NA	NA
6762328	Graig-Y-Rhacca Primary And Nursery Community	1	CAY	NA	NA	NA
6762335	Bedwas Infants	6	CAY	NA	NA	NA
6762338	Hendredenny Park Primary	1	CAY	NA	NA	NA
6762339	Cwm Glas Infants School	6	CAY	NA	NA	NA
6762347	Cwmaber Infants School	6	CAY	NA	NA	NA
6762368	Ysgol Gymraeg Bro Allta	1	CAY	NA	NA	NA
6762370	Cwmfelinfach Primary	1	CAY	NA	NA	NA
6762373	Ysgol Gymraeg Cwm Gwyddon	1	CAY	NA	NA	NA
6762374	Y G G Y Castell	1	CAY	NA	NA	NA
6762376	Cwrt Rawlin Primary School	1	CAY	NA	NA	NA
6762377	Cefn Fforest Primary	1	CAY	NA	NA	NA
6762378	Penllwyn Primary	1	CAY	NA	NA	NA
6762379	Blackwood Primary	1	CAY	NA	NA	NA
6762380	Glyn-Gaer Primary School	1	CAY	NA	NA	NA
6762381	Park Primary	1	CAY	NA	NA	NA
6762382	Aberbargoed Primary School	1	CAY	NA	NA	NA
6762383	Trinant Primary	1	CAY	NA	NA	NA
6762384	Ty Sign Primary School	1	CAY	NA	NA	NA
6762385	Tyn-y-Wern Primary	1	CAY	NA	NA	NA
6762386	Twyn Primary	1	CAY	NA	NA	NA
6762387	White Rose Primary School	1	CAY	NA	NA	NA
6762388	Ysgol Bro Sannan	1	CAY	NA	NA	NA
6762389	Plasyfelin Primary School	1	CAY	NA	NA	NA
6762390	St James Primary School	1	CAY	NA	NA	NA
6762391	St Gwladys Bargoed School	1	CAY	NA	NA	NA
6762392	Rhiw Syr Dafydd Primary School	1	CAY	NA	NA	NA
6762393	Ystrad Mynach Primary	1	CAY	NA	NA	NA
6762394	Ysgol Gynradd Gymraeg Cwm Derwen	1	CAY	NA	NA	NA
6762395	Ysgol Penalltau	1	CAY	NA	NA	NA
6763310	St Helens Rc Primary	1	CAY	NA	NA	NA
6764031	Newbridge School	7	CAY	NA	NA	NA
6764046	Blackwood Comprehensive School	7	CAY	NA	NA	NA
6764065	St Cenydd School	3	CAY	NA	NA	NA
6764068	Risca Community Comprehensive	7	CAY	NA	NA	NA
6764070	St Martin's School	3	CAY	NA	NA	NA
6764073	Heolddu Comprehensive School	3	CAY	NA	NA	NA
6764075	Lewis School Pengam	3	CAY	NA	NA	NA
6764077	Lewis Girls' Comprehensive School	3	CAY	NA	NA	NA
6764093	Bedwas High School	3	CAY	NA	NA	NA
6764103	Ysgol Gyfun Cwm Rhymni	3	CAY	NA	NA	NA
6764104	Islwyn High School	7	CAY	NA	NA	NA
6765400	Cwmcarn High School	3	CAY	NA	NA	NA
6765500	Idris Davies School 3 to 18	9	CAY	NA	NA	NA
6767011	Trinity Fields School	4	CAY	NA	NA	NA
6772067	Bryn Bach Primary School	1	BGW	NA	NA	NA
6772070	Glanhowy Primary School	1	BGW	NA	NA	NA
6772072	Deighton Primary School	1	BGW	NA	NA	NA
6772074	Georgetown Junior And Infants	1	BGW	NA	NA	NA
6772179	Sofrydd Primary	1	BGW	NA	NA	NA
6772253	Cwm Primary School	1	BGW	NA	NA	NA
6772277	Beaufort Hill Primary	1	BGW	NA	NA	NA
6772278	Willowtown Primary School	1	BGW	NA	NA	NA
6772306	Blaen-y-Cwm Primary School	1	BGW	NA	NA	NA
6772307	Ysgol Gymraeg Brohelyg	1	BGW	NA	NA	NA
6772309	Glyncoed Primary	1	BGW	NA	NA	NA
6772310	Rhos Y Fedwen	1	BGW	NA	NA	NA
6772311	Ystruth Primary	1	BGW	NA	NA	NA
6772312	St. Illtyd's Primary School	1	BGW	NA	NA	NA
6772313	Coed Y Garn Primary School	1	BGW	NA	NA	NA
6773308	St Mary's Roman Catholic	1	BGW	NA	NA	NA
6773309	St. Mary's Church School	1	BGW	NA	NA	NA
6773315	All Saints R.C. Primary School	1	BGW	NA	NA	NA
6773316	St. Joseph's R.C. Primary	1	BGW	NA	NA	NA
6774061	Tredegar Comprehensive School	7	BGW	NA	NA	NA
6775401	Brynmawr Foundation School	7	BGW	NA	NA	NA
6775500	Ebbw Fawr Learning Community	8	BGW	NA	NA	NA
6775501	Abertillery Learning Community	8	BGW	NA	NA	NA
6777011	Pen-y-cwm Special School	4	BGW	NA	NA	NA
6777012	River Centre 3-16 Learning Community	10	BGW	NA	NA	NA
6781011	Brynteg Nursery	11	TOF	NA	NA	NA
6782115	Victoria Primary	2	TOF	NA	NA	NA
6782203	Llanyrafon Primary School	2	TOF	NA	NA	NA
6782204	Maendy Junior And Infants	1	TOF	NA	NA	NA
6782205	Llantarnam Community Primary School	1	TOF	NA	NA	NA
6782211	Pontnewydd Primary & Nursery	1	TOF	NA	NA	NA
6782249	Greenmeadow Primary	2	TOF	NA	NA	NA
6782298	Cwmffrwdoer Primary	2	TOF	NA	NA	NA
6782308	George Street Primary School	1	TOF	NA	NA	NA
6782312	Ysgol Gymraeg Cwmbran Primary	1	TOF	NA	NA	NA
6782315	Garnteg Primary	1	TOF	NA	NA	NA
6782318	Ysgol Bryn Onnen	2	TOF	NA	NA	NA
6782319	Woodlands Community Primary School	1	TOF	NA	NA	NA
6782320	New Inn Primary School	1	TOF	NA	NA	NA
6782321	Griffithstown Primary School	1	TOF	NA	NA	NA
6782322	Penygarn Community Primary School	1	TOF	NA	NA	NA
6782323	Blenheim Road Community Primary School	1	TOF	NA	NA	NA
6782324	Coed Eva Primary School	1	TOF	NA	NA	NA
6782325	Croesyceiliog Primary School	1	TOF	NA	NA	NA
6782326	Nant Celyn Primary School	1	TOF	NA	NA	NA
6782327	Ysgol Panteg	1	TOF	NA	NA	NA
6783028	Blaenavon Heritage Vc Primary School	1	TOF	NA	NA	NA
6783321	Cwmbran R.C. Jnr. & Infts.	1	TOF	NA	NA	NA
6783324	St. Davids Cwmbran R.C. School	1	TOF	NA	NA	NA
6783330	Henllys Church In Wales	2	TOF	NA	NA	NA
6783331	Padre Pio Rc Primary School	2	TOF	NA	NA	NA
6783332	Ponthir Church in Wales School	2	TOF	NA	NA	NA
6784051	Croesyceiliog School	3	TOF	NA	NA	NA
6784070	Abersychan Comprehensive	7	TOF	NA	NA	NA
6784072	West Monmouth School	7	TOF	NA	NA	NA
6784075	Ysgol Gyfun Gwynllyw	3	TOF	NA	NA	NA
6784076	Cwmbran High School	3	TOF	NA	NA	NA
6784603	St. Albans R.C. High School	3	TOF	NA	NA	NA
6787012	Crownbridge Special School	4	TOF	NA	NA	NA
6792057	Gilwern Primary School	2	MON	NA	NA	NA
6792134	Goytre Fawr Primary	2	MON	NA	NA	NA
6792163	Undy Primary School	1	MON	NA	NA	NA
6792164	Rogiet County Primary	2	MON	NA	NA	NA
6792228	Pembroke Primary	1	MON	NA	NA	NA
6792243	Llanvihangel Crucorney County Primary School	2	MON	NA	NA	NA
6792246	Thornwell Primary School	1	MON	NA	NA	NA
6792261	Durand Primary School	1	MON	NA	NA	NA
6792263	Llandogo Primary	2	MON	NA	NA	NA
6792299	Shirenewton Primary School	2	MON	NA	NA	NA
6792301	Trellech Junior & Infants	2	MON	NA	NA	NA
6792303	The Dell Primary	2	MON	NA	NA	NA
6792304	Overmonnow Primary School	1	MON	NA	NA	NA
6792305	Cross Ash County Primary School	2	MON	NA	NA	NA
6792317	Ysgol Gymraeg Y Fenni	1	MON	NA	NA	NA
6792318	Ysgol Gymraeg Y Ffin	1	MON	NA	NA	NA
6792319	Cantref Primary	2	MON	NA	NA	NA
6792320	Deri View Primary School	1	MON	NA	NA	NA
6792321	Kymin View Primary School	1	MON	NA	NA	NA
6792322	Castle Park Primary School	2	MON	NA	NA	NA
6792323	Llanfoist Fawr Primary	2	MON	NA	NA	NA
6792324	Dewstow	1	MON	NA	NA	NA
6793004	Llantilio Pertholey Cv Primary	2	MON	NA	NA	NA
6793022	Usk Primary School	2	MON	NA	NA	NA
6793031	Raglan Primary	2	MON	NA	NA	NA
6793032	Osbaston Church In Wales School	2	MON	NA	NA	NA
6793310	Magor V A Primary School	1	MON	NA	NA	NA
6793317	Our Lady & St Michael's Rc	2	MON	NA	NA	NA
6793326	St Mary's R.C.P.School	2	MON	NA	NA	NA
6793327	Archbishop Rowan Williams VA	2	MON	NA	NA	NA
6794060	Monmouth Comprehensive School	3	MON	NA	NA	NA
6794064	King Henry Viii Comprehensive	3	MON	NA	NA	NA
6794065	Chepstow Comprehensive School	3	MON	NA	NA	NA
6794066	Caldicot School	3	MON	NA	NA	NA
6797006	Mounton House Special	10	MON	NA	NA	NA
6801001	Kimberley Nursery School	11	NWP	NA	NA	NA
6801005	Fairoak	11	NWP	NA	NA	NA
6802003	Clytha Primary School	1	NWP	NA	NA	NA
6802004	Crindau Primary School	1	NWP	NA	NA	NA
6802009	Eveswell Primary School	1	NWP	NA	NA	NA
6802017	Maesglas Primary & Nursery	1	NWP	NA	NA	NA
6802019	Maindee Primary	1	NWP	NA	NA	NA
6802022	Malpas Court Primary	1	NWP	NA	NA	NA
6802027	St. Woolos Primary	1	NWP	NA	NA	NA
6802030	Somerton Primary	1	NWP	NA	NA	NA
6802039	Glasllwch Primary School	1	NWP	NA	NA	NA
6802043	Malpas Park Primary	2	NWP	NA	NA	NA
6802209	Langstone Primary School	1	NWP	NA	NA	NA
6802224	Llanmartin Junior & Infants	1	NWP	NA	NA	NA
6802236	Marshfield Primary School	1	NWP	NA	NA	NA
6802258	Mount Pleasant Primary	2	NWP	NA	NA	NA
6802276	Rogerstone Primary	1	NWP	NA	NA	NA
6802295	High Cross Primary School	1	NWP	NA	NA	NA
6802300	Pentrepoeth Primary	1	NWP	NA	NA	NA
6802302	Pillgwenlly Primary School	1	NWP	NA	NA	NA
6802314	Ysgol Gymraeg Casnewydd	1	NWP	NA	NA	NA
6802315	Alway Primary School	1	NWP	NA	NA	NA
6802316	Ringland Primary	1	NWP	NA	NA	NA
6802317	Millbrook Primary	1	NWP	NA	NA	NA
6802318	Monnow Primary	1	NWP	NA	NA	NA
6802319	Glan Usk Primary	1	NWP	NA	NA	NA
6802320	Ysgol Gymraeg Ifor Hael	1	NWP	NA	NA	NA
6802321	Lliswerry Primary School	1	NWP	NA	NA	NA
6802322	St. Julians Primary School	1	NWP	NA	NA	NA
6802323	Ysgol Gymraeg Bro Teyrnon	1	NWP	NA	NA	NA
6802324	Caerleon Lodge Hill Primary	1	NWP	NA	NA	NA
6802325	St Andrew's Primary School	1	NWP	NA	NA	NA
6802326	Gaer Primary School	1	NWP	NA	NA	NA
6802327	Tredegar Park Primary School	1	NWP	NA	NA	NA
6802328	Jubilee Park Primary School	1	NWP	NA	NA	NA
6802329	Milton Primary School	1	NWP	NA	NA	NA
6803002	Malpas Church in Wales Primary School	1	NWP	NA	NA	NA
6803300	St. Davids Primary	2	NWP	NA	NA	NA
6803301	St Josephs R.C. Jnr. & Infts	2	NWP	NA	NA	NA
6803302	St Marys Primary School	2	NWP	NA	NA	NA
6803304	St Michael's Rc Primary School	1	NWP	NA	NA	NA
6803305	St Patricks R.C. Primary	1	NWP	NA	NA	NA
6803306	St. Gabriel's R.C.	2	NWP	NA	NA	NA
6803313	Charles Williams Church in Wales Primary School	1	NWP	NA	NA	NA
6804003	St Julian's School	3	NWP	NA	NA	NA
6804020	The John Frost School	3	NWP	NA	NA	NA
6804021	Llanwern High School	3	NWP	NA	NA	NA
6804025	Newport High School	3	NWP	NA	NA	NA
6804026	Lliswerry High School	3	NWP	NA	NA	NA
6804030	Bassaleg School	3	NWP	NA	NA	NA
6804059	Caerleon Comprehensive School	3	NWP	NA	NA	NA
6804060	Ysgol Gyfun Gwent Is Coed	7	NWP	NA	NA	NA
6804602	St. Joseph's R.C. High School	3	NWP	NA	NA	NA
6807002	Maes Ebbw School	4	NWP	NA	NA	NA
6807004	Ysgol Bryn Derw	4	NWP	NA	NA	NA
6811003	Grangetown Nursery School	11	CRF	NA	NA	NA
6811017	Tremorfa Nursery	11	CRF	NA	NA	NA
6811018	Ely And Caerau Children's Centre	11	CRF	NA	NA	NA
6812001	Millbank Primary School	1	CRF	NA	NA	NA
6812003	Adamsdown Primary	1	CRF	NA	NA	NA
6812005	Albany Primary School	1	CRF	NA	NA	NA
6812007	Allensbank Primary School	1	CRF	NA	NA	NA
6812009	Baden Powell Primary School	1	CRF	NA	NA	NA
6812011	Birchgrove Primary School	2	CRF	NA	NA	NA
6812015	Trelai Primary School	1	CRF	NA	NA	NA
6812017	Fairwater Primary School	2	CRF	NA	NA	NA
6812019	Gabalfa Primary	1	CRF	NA	NA	NA
6812031	Kitchener Primary School	1	CRF	NA	NA	NA
6812033	Lansdowne Primary School	1	CRF	NA	NA	NA
6812037	Moorland Primary	1	CRF	NA	NA	NA
6812039	Radnor Primary School	2	CRF	NA	NA	NA
6812041	Rhydypenau Primary School	1	CRF	NA	NA	NA
6812043	Roath Park Primary School	1	CRF	NA	NA	NA
6812045	Greenway Primary School	1	CRF	NA	NA	NA
6812050	Stacey Primary School	1	CRF	NA	NA	NA
6812052	Ton-yr-Ywen Primary School	1	CRF	NA	NA	NA
6812061	Peter Lea Primary School	1	CRF	NA	NA	NA
6812065	Bryn Hafod Primary School	1	CRF	NA	NA	NA
6812069	Pen-y-Bryn Primary School	1	CRF	NA	NA	NA
6812072	Coed Glas C P School	1	CRF	NA	NA	NA
6812074	Lakeside Primary School	1	CRF	NA	NA	NA
6812075	Pentrebane Primary School	1	CRF	NA	NA	NA
6812084	Mount Stuart Primary School	1	CRF	NA	NA	NA
6812090	Llanishen Fach Primary School	1	CRF	NA	NA	NA
6812092	Rhiwbeina Primary School	1	CRF	NA	NA	NA
6812094	Llanedeyrn Primary School	1	CRF	NA	NA	NA
6812096	Springwood Primary School	1	CRF	NA	NA	NA
6812101	Ninian Park Primary School	1	CRF	NA	NA	NA
6812104	Coryton Primary	1	CRF	NA	NA	NA
6812107	Bryn Celyn Primary School	1	CRF	NA	NA	NA
6812111	Y G G Gwaelod Y Garth	1	CRF	NA	NA	NA
6812132	Radyr Primary School	1	CRF	NA	NA	NA
6812137	Tongwynlais Primary School	1	CRF	NA	NA	NA
6812147	Llysfaen Primary School	2	CRF	NA	NA	NA
6812153	Bryn Deri Primary	1	CRF	NA	NA	NA
6812164	Oakfield Primary School	1	CRF	NA	NA	NA
6812166	Ysgol Gymraeg Melin Gruffydd	1	CRF	NA	NA	NA
6812169	Ysgol Y Wern	1	CRF	NA	NA	NA
6812170	Ysgol Gymraeg Coed Y Gof	2	CRF	NA	NA	NA
6812171	Ysgol Bro Eirwg	1	CRF	NA	NA	NA
6812173	Ysgol Treganna	2	CRF	NA	NA	NA
6812174	Willowbrook Primary School	1	CRF	NA	NA	NA
6812175	Pentyrch Primary	2	CRF	NA	NA	NA
6812176	Thornhill Primary School	1	CRF	NA	NA	NA
6812177	Ysgol Pencae	2	CRF	NA	NA	NA
6812179	Meadowlane Primary School	1	CRF	NA	NA	NA
6812180	Ysgol Mynydd Bychan	1	CRF	NA	NA	NA
6812305	Creigiau Primary School	1	CRF	NA	NA	NA
6812306	Ysgol Gymraeg Pwll Coch	1	CRF	NA	NA	NA
6812308	Ysgol Y Berllan Deg	1	CRF	NA	NA	NA
6812309	Gladstone Primary School	1	CRF	NA	NA	NA
6812310	Glan Yr Afon Primary School	1	CRF	NA	NA	NA
6812311	Grangetown Primary School	2	CRF	NA	NA	NA
6812312	Herbert Thompson Primary	1	CRF	NA	NA	NA
6812313	Ysgol Glan Morfa	1	CRF	NA	NA	NA
6812314	Ysgol Pen Y Pil	2	CRF	NA	NA	NA
6812315	Ysgol Gymraeg Nant Caerau	1	CRF	NA	NA	NA
6812317	Rumney Primary	1	CRF	NA	NA	NA
6812318	Windsor Clive Primary	1	CRF	NA	NA	NA
6812319	Severn Primary	1	CRF	NA	NA	NA
6812320	Hawthorn Primary	1	CRF	NA	NA	NA
6812321	Danescourt Primary	1	CRF	NA	NA	NA
6812322	Hywel Dda Primary School	1	CRF	NA	NA	NA
6812323	Ysgol Gynradd Gymraeg Pen-Y-Groes	1	CRF	NA	NA	NA
6812324	Trowbridge Primary	1	CRF	NA	NA	NA
6812325	Ysgol Glan Ceubal	1	CRF	NA	NA	NA
6812326	Marlborough Primary	1	CRF	NA	NA	NA
6812327	Pencaerau Primary	1	CRF	NA	NA	NA
6812328	Glyncoed Primary	1	CRF	NA	NA	NA
6812329	Whitchurch Primary	1	CRF	NA	NA	NA
6812330	Pontprennau Primary School	1	CRF	NA	NA	NA
6812331	Howardian Primary School	1	CRF	NA	NA	NA
6812332	Ysgol Gynradd Gymraeg Hamadryad	1	CRF	NA	NA	NA
6813000	St. Mellons Church In Wales Primary	2	CRF	NA	NA	NA
6813321	St Alban's Rc Primary School	2	CRF	NA	NA	NA
6813323	St Cuthbert's Rc Primary	2	CRF	NA	NA	NA
6813328	St. Joseph's RC Primary School	2	CRF	NA	NA	NA
6813330	St. Mary's R.C. Primary School	1	CRF	NA	NA	NA
6813332	St Patrick's R C School	2	CRF	NA	NA	NA
6813334	St. Peter's Primary School	1	CRF	NA	NA	NA
6813336	St Cadoc's Catholic Primary	1	CRF	NA	NA	NA
6813341	St Monicas C/W Primary School	2	CRF	NA	NA	NA
6813343	St.Paul's C/W Primary School	2	CRF	NA	NA	NA
6813344	Tredegarville C/W Primary	1	CRF	NA	NA	NA
6813346	Llandaff City Primary School	2	CRF	NA	NA	NA
6813351	Christ The King Primary School	2	CRF	NA	NA	NA
6813353	St John Lloyd	1	CRF	NA	NA	NA
6813354	Holy Family R.C. Primary	2	CRF	NA	NA	NA
6813355	St Mary The Virgin C/W Primary School	1	CRF	NA	NA	NA
6813357	All Saints C/W Primary	2	CRF	NA	NA	NA
6813366	St Fagans Church In Wales	1	CRF	NA	NA	NA
6813370	St Bernadettes Primary School	1	CRF	NA	NA	NA
6813371	St David's C/W Primary School	1	CRF	NA	NA	NA
6813373	Bishop Childs C/W Primary	2	CRF	NA	NA	NA
6813374	St Philip Evans Primary School	1	CRF	NA	NA	NA
6813375	St. Francis R. C. Primary Sch.	1	CRF	NA	NA	NA
6814039	Cardiff High School	3	CRF	NA	NA	NA
6814041	Willows High School	7	CRF	NA	NA	NA
6814042	Fitzalan High School	3	CRF	NA	NA	NA
6814049	Cantonian High School	3	CRF	NA	NA	NA
6814051	Llanishen High School	3	CRF	NA	NA	NA
6814054	Cathays High School	3	CRF	NA	NA	NA
6814070	Radyr Comprehensive School	3	CRF	NA	NA	NA
6814071	Ysgol Gyfun Gymraeg Glantaf	3	CRF	NA	NA	NA
6814072	Ysgol Gyfun Gymraeg Plasmawr	3	CRF	NA	NA	NA
6814074	Ysgol Gyfun Gymraeg Bro Edern	3	CRF	NA	NA	NA
6814075	Cardiff West Community High School	3	CRF	NA	NA	NA
6814076	Eastern High	7	CRF	NA	NA	NA
6814600	St. Illtyd's Catholic High School	7	CRF	NA	NA	NA
6814607	Mary Immaculate High School	7	CRF	NA	NA	NA
6814608	Bishop Of Llandaff Church In Wales High School	3	CRF	NA	NA	NA
6814609	St Teilo's C-In-W High School	3	CRF	NA	NA	NA
6814611	Corpus Christi Catholic High School	7	CRF	NA	NA	NA
6815403	Whitchurch High School	3	CRF	NA	NA	NA
6817001	Greenhill Special School	10	CRF	NA	NA	NA
6817005	The Court School	10	CRF	NA	NA	NA
6817006	Woodlands High School	4	CRF	NA	NA	NA
6817008	Riverbank School	10	CRF	NA	NA	NA
6817011	Ty-Gwyn Special School	4	CRF	NA	NA	NA
6817019	The Hollies School	10	CRF	NA	NA	NA
6817021	Meadowbank Special School	10	CRF	NA	NA	NA
6606027	Treffos School	NA	AGY	NA	NA	NA
6606028	Caban Aur	NA	AGY	NA	NA	NA
6616008	St Gerards School Trust	NA	GWN	NA	NA	NA
6616022	Aran Hall School	NA	GWN	NA	NA	NA
6616033	Teresa House	NA	GWN	NA	NA	NA
6616034	Bangor Independent School	NA	GWN	NA	NA	NA
6626017	St David's College	NA	CWY	NA	NA	NA
6626019	Rydal Penrhos	NA	CWY	NA	NA	NA
6636013	Fairholme Preparatory School	NA	DEN	NA	NA	NA
6636027	Ruthin School	NA	DEN	NA	NA	NA
6636040	The Branas School	NA	DEN	NA	NA	NA
6636041	Myddelton College	NA	DEN	NA	NA	NA
6646004	Options Kinsale	NA	FLN	NA	NA	NA
6646005	Bryn Tirion Hall School	NA	FLN	NA	NA	NA
6646006	The Haven	NA	FLN	NA	NA	NA
6656039	Prospects School	NA	WRX	NA	NA	NA
6656042	Woodlands Children's Development Centre	NA	WRX	NA	NA	NA
6666000	Christ College	NA	POW	NA	NA	NA
6666042	Amberleigh Residential Therapeutic School	NA	POW	NA	NA	NA
6666043	Focus School - Newtown Campus	NA	POW	NA	NA	NA
6666047	Ty Bronllys	NA	POW	NA	NA	NA
6666048	Bettws Lifehouse	NA	POW	NA	NA	NA
6666051	The Potteries	NA	POW	NA	NA	NA
6666052	Summergil House School	NA	POW	NA	NA	NA
6686014	Marlowe St David's Education Unit	NA	PEM	NA	NA	NA
6686015	Redhill Preparatory School	NA	PEM	NA	NA	NA
6686016	Landsker Education	NA	PEM	NA	NA	NA
6686018	Castle School	NA	PEM	NA	NA	NA
6686019	Ty Cariad	NA	PEM	NA	NA	NA
6686020	Birribi Education	NA	PEM	NA	NA	NA
6686021	Ysgol Dail Pren	NA	PEM	NA	NA	NA
6696002	Coleg Llanymddyfri	NA	CMN	NA	NA	NA
6696003	St Michael's School	NA	CMN	NA	NA	NA
6696008	Nant-y-cwm Steiner School	NA	CMN	NA	NA	NA
6696015	Gwenllian Education Centre	NA	CMN	NA	NA	NA
6706001	Oakleigh House School	NA	SWA	NA	NA	NA
6706018	Ffynone House School	NA	SWA	NA	NA	NA
6706023	Focus School - Swansea Campus	NA	SWA	NA	NA	NA
6706025	YNYSTAWE LODGE	NA	SWA	NA	NA	NA
6706026	Priority Childcare	NA	SWA	NA	NA	NA
6706027	Swansea Sixth Form College	NA	SWA	NA	NA	NA
6706028	Ty Dan Y Coed	NA	SWA	NA	NA	NA
6726073	St Clare's School	NA	BGE	NA	NA	NA
6726091	Genus Education	NA	BGE	NA	NA	NA
6736021	Westbourne School	NA	VGL	NA	NA	NA
6736025	Headlands School	NA	VGL	NA	NA	NA
6736091	Atlantic College	NA	VGL	NA	NA	NA
6766088	Wyclif Independent Christian School	NA	CAY	NA	NA	NA
6766089	Mynydd Haf School	NA	CAY	NA	NA	NA
6796008	Monmouth School for Boys	NA	MON	NA	NA	NA
6796009	Monmouth School For Girls	NA	MON	NA	NA	NA
6796010	Monmouth Schools Pre-Prep & Nursery	NA	MON	NA	NA	NA
6796013	Llangattock School Monmouth	NA	MON	NA	NA	NA
6796014	Talocher School	NA	MON	NA	NA	NA
6806003	Rougemont School	NA	NWP	NA	NA	NA
6806005	Greenfields School	NA	NWP	NA	NA	NA
6816004	St John's College	NA	CRF	NA	NA	NA
6816012	The Cathedral School	NA	CRF	NA	NA	NA
6816014	Kings Monkton School	NA	CRF	NA	NA	NA
6816024	Howell's School	NA	CRF	NA	NA	NA
6816087	Craig Y Parc School	NA	CRF	NA	NA	NA
6816090	Cardiff Academy	NA	CRF	NA	NA	NA
6816093	Cardiff Muslim Primary School	NA	CRF	NA	NA	NA
6816094	Ty Coryton	NA	CRF	NA	NA	NA
6816095	Red Rose School	NA	CRF	NA	NA	NA
6816096	Cardiff Steiner School	NA	CRF	NA	NA	NA
6816097	Ely Presbyterian Church School	NA	CRF	NA	NA	NA
6816098	Ihsan Academy	NA	CRF	NA	NA	NA
6816099	Ummul Mumineen Academy	NA	CRF	NA	NA	NA
6816100	Cardiff Montessori School	NA	CRF	NA	NA	NA
6816101	Cardiff Sixth Form College	NA	CRF	NA	NA	NA
6816102	ACT Schools	NA	CRF	NA	NA	NA
6611104	Llechan LÃ¢n Centres	NA	GWN	NA	NA	NA
6621100	Canolfan Addysg Nant-y-Bryniau Education Centre	NA	CWY	NA	NA	NA
6621102	Gyffin Education Centre	NA	CWY	NA	NA	NA
6621103	Alternative Education Service	NA	CWY	NA	NA	NA
6621104	Canolfan Addysg Penmaenrhos	NA	CWY	NA	NA	NA
6631100	Denbighshire PRU's	NA	DEN	NA	NA	NA
6641102	Flintshire Portfolio PRU's	NA	FLN	NA	NA	NA
6651104	Wrexham Pupil Referral Services	NA	WRX	NA	NA	NA
6661102	Powys Pupil Referral Unit	NA	POW	NA	NA	NA
6671106	Ceredigion Pupil Referral Service	NA	CGN	NA	NA	NA
6681104	Pembrokeshire Pupil Referral Service	NA	PEM	NA	NA	NA
6691110	Carmarthenshire Secondary Teaching and Learning Centre	NA	CMN	NA	NA	NA
6691111	Canolfan Bro Tywi, Behaviour Support Service	NA	CMN	NA	NA	NA
6701113	City & County of Swansea Pupil Referral Unit	NA	SWA	NA	NA	NA
6721102	Portfolio PRU	NA	BGE	NA	NA	NA
6731112	Y Daith	NA	VGL	NA	NA	NA
6741106	Ty Gwyn Education Centres	NA	NA	NA	NA	NA
6741108	Tai Educational Centre	NA	NA	NA	NA	NA
6761104	Glanynant Learning Centre (PRU)	NA	CAY	NA	NA	NA
6781100	AlternativeTuition Ty Glyn PRU	NA	TOF	NA	NA	NA
6791100	Monmouthshire Pupil Referral Service	NA	MON	NA	NA	NA
6801103	Bridge Achievement Centre	NA	NWP	NA	NA	NA
6811107	Bryn Y Deryn School and Student Support Unit	NA	CRF	NA	NA	NA
